,count,close,volumeto,log_ret,returns,compound,comp_score
2021-01-01,3.0,0.1756,1350045.35,-0.0022753138371354176,-0.002272727272727204,0.4378,1.0
2021-01-02,1.0,0.2931,23763412.87,0.5123051665158305,0.6691343963553531,0.802,1.0
2021-01-03,29.0,0.3637,97862428.59,0.21581550427609653,0.2408734220402593,0.05681724137931036,0.4482758620689655
2021-01-04,37.0,0.4818,222310323.33,0.2811997381878276,0.324718174319494,0.1304054054054054,0.5135135135135135
2021-01-05,63.0,0.4055,104100744.6,-0.17240821662530337,-0.15836446658364467,0.38765873015873015,0.746031746031746
2021-01-06,23.0,0.3702,41826812.35,-0.09107747341607064,-0.0870530209617757,0.22650434782608694,0.4782608695652174
2021-01-07,25.0,0.3504,21686954.95,-0.05496804107716058,-0.05348460291734192,0.23230399999999998,0.44
2021-01-08,15.0,0.3865,42415916.35,0.09805650896524021,0.10302511415525117,0.36062666666666665,0.7333333333333333
2021-01-09,9.0,0.3518,17682646.94,-0.09406903572401892,-0.08978007761966367,0.28702222222222223,0.7777777777777778
2021-01-10,10.0,0.3138,20211668.65,-0.11430699200452543,-0.10801591813530409,0.39762,0.6
2021-01-11,14.0,0.3234,14114696.12,0.030134106844074138,0.030592734225621365,0.28641428571428573,0.8571428571428571
2021-01-12,13.0,0.4181,17633005.59,0.25683069121951296,0.29282622139765,0.24383076923076924,0.6923076923076923
2021-01-13,11.0,0.4049,30417765.03,-0.032080515324404035,-0.03157139440325296,0.051100000000000007,0.2727272727272727
2021-01-14,9.0,0.3867,15343438.02,-0.045990924424863966,-0.04494937021486789,0.11175555555555554,0.3333333333333333
2021-01-15,13.0,0.3881,11235706.44,0.0036138397616092277,0.003620377553659182,0.23596923076923076,0.5384615384615384
2021-01-16,8.0,0.4229,16592994.36,0.08587270610358233,0.08966761144035051,0.374,0.75
2021-01-17,13.0,0.4136,12274773.19,-0.02223642128422354,-0.021991014424213695,0.16293846153846153,0.38461538461538464
2021-01-18,18.0,0.4667,43621229.83,0.12078732976155049,0.12838491295938104,0.37483333333333335,0.7777777777777778
2021-01-19,17.0,0.4562,23376886.99,-0.022755343105482218,-0.02249839297193057,0.3459764705882353,1.0
2021-01-20,9.0,0.3679,13487499.92,-0.215120147739559,-0.19355545813239805,0.03517777777777779,0.1111111111111111
2021-01-21,4.0,0.399,12662912.32,0.08115025477913484,0.0845338407175864,0.337875,1.0
2021-01-22,13.0,0.4056,8818396.69,0.01640603538710994,0.016541353383458635,0.2987384615384615,0.6923076923076923
2021-01-23,10.0,0.4202,8076922.7,0.035363336133926615,0.035996055226824364,0.5827600000000001,1.0
2021-01-24,0.0,0.4186,15506917.13,-0.0038149783990006902,-0.0038077106139933203,0.0,0.0
2021-01-25,0.0,0.4355,8798178.78,0.039578986280658146,0.04037267080745344,0.0,0.0
2021-01-26,0.0,0.3981,12112542.89,-0.08979156628628604,-0.08587830080367387,0.0,0.0
2021-01-27,7.0,0.4493,12576376.14,0.12098758606984272,0.12861090178347134,0.5837857142857142,0.7142857142857143
2021-01-28,16.0,0.446,13721997.22,-0.00737186405605017,-0.007344758513242788,0.09865625,0.5
2021-01-29,11.0,0.5016,17308716.96,0.11748403729864698,0.12466367713004489,0.36028181818181815,1.0
2021-01-30,37.0,0.4943,24668009.87,-0.014660369005797369,-0.014553429027113318,0.2298918918918919,0.6216216216216216
2021-01-31,31.0,0.536,15810679.24,0.08099154075788839,0.08436172364960548,0.42791612903225806,0.6774193548387096
2021-02-01,33.0,0.5384,11021676.58,0.004467617259716006,0.004477611940298498,0.2450787878787879,0.6363636363636364
2021-02-02,29.0,0.5665,11546789.34,0.05087530213754299,0.05219167904903421,0.4730241379310345,0.7931034482758621
2021-02-03,12.0,0.5399,14486134.04,-0.048093143243819636,-0.04695498676081189,0.2270916666666667,0.5
2021-02-04,0.0,0.7353,68285291.78,0.30889464197793515,0.36191887386553034,0.0,0.0
2021-02-05,0.0,0.6563,23511884.96,-0.11366057772249949,-0.10743914048687608,0.0,0.0
2021-02-06,0.0,0.6315,14057815.47,-0.03852005968913136,-0.03778759713545643,0.0,0.0
2021-02-07,0.0,0.6661,15342433.27,0.05334186762858811,0.05479018210609676,0.0,0.0
2021-02-08,15.0,0.6957,12372979.71,0.043478723510461836,0.044437772106290296,0.3880933333333333,0.7333333333333333
2021-02-09,10.0,0.6922,19473934.87,-0.005043601728351721,-0.005030904125341351,0.30206,1.0
2021-02-10,25.0,0.7516,23164859.81,0.08232933633806638,0.08581334874313784,0.41428800000000005,0.84
2021-02-11,13.0,0.8209,40229033.35,0.08819703181491012,0.09220329962746132,0.45320000000000005,0.6923076923076923
2021-02-12,27.0,0.831,27422015.82,0.012228495501227704,0.012303569253258706,0.3053777777777778,0.7037037037037037
2021-02-13,27.0,0.7735,14707108.98,-0.07170412484232738,-0.06919374247894106,0.2871296296296296,0.7037037037037037
2021-02-14,7.0,0.7183,19318483.94,-0.07403836093236477,-0.07136393018745946,0.19435714285714287,0.7142857142857143
2021-02-15,39.0,0.6969,13457910.74,-0.030245380636282904,-0.02979256578031475,0.19372564102564102,0.48717948717948717
2021-02-16,8.0,0.76,16695911.16,0.08667650483590367,0.09054383699239499,0.07048750000000002,0.5
2021-02-17,8.0,0.7617,18719397.34,0.002234344098365759,0.0022368421052632037,0.23175,0.75
2021-02-18,12.0,0.7395,16827823.79,-0.02957849522788797,-0.029145332808192204,0.3422,0.6666666666666666
2021-02-19,35.0,0.7104,17995924.65,-0.04014609047289419,-0.03935091277890468,0.25291714285714284,0.6
2021-02-20,18.0,0.7725,26768845.58,0.08380381709394014,0.08741554054054035,0.3486333333333333,0.7777777777777778
2021-02-21,10.0,0.6819,28646273.24,-0.12474898924529332,-0.11728155339805824,0.07458000000000001,0.6
2021-02-22,15.0,0.57,30961079.61,-0.17924665869801143,-0.16410030796304442,0.37317999999999996,0.6
2021-02-23,9.0,0.5854,13630224.98,0.02665901342918975,0.027017543859649162,0.19377777777777777,0.7777777777777778
2021-02-24,29.0,0.5346,7181020.26,-0.09077657055296695,-0.08677827126750948,0.46634482758620693,0.8620689655172413
2021-02-25,35.0,0.5111,8006340.29,-0.04495353793058465,-0.043958099513655036,0.49677714285714286,0.7142857142857143
2021-02-26,12.0,0.5398,7276036.26,0.05463343480967031,0.05615339463901381,0.35379166666666667,0.8333333333333334
2021-02-27,0.0,0.5194,9219975.84,-0.038524401355256144,-0.037791774731381955,0.0,0.0
2021-02-28,0.0,0.5962,9157980.16,0.13790188201532294,0.14786291875240654,0.0,0.0
2021-03-01,0.0,0.5686,10547162.66,-0.0473989820270716,-0.0462931902046293,0.0,0.0
2021-03-02,3.0,0.5761,7607261.86,0.01310405752143795,0.01319029194512833,0.8418333333333333,1.0
2021-03-03,20.0,0.5434,7326912.88,-0.05843555974608994,-0.05676097899670185,0.23793999999999998,0.7
2021-03-04,8.0,0.5711,8907672.03,0.04971862867856991,0.05097534044902474,0.2995375,0.5
2021-03-05,0.0,0.5861,4866923.7,0.025926097811566184,0.026265102433899346,0.0,0.0
2021-03-06,0.0,0.5702,5126780.59,-0.027503247003811793,-0.02712847636922011,0.0,0.0
2021-03-07,3.0,0.5918,8533637.91,0.03718156348753754,0.037881445106979994,-0.11333333333333334,0.3333333333333333
2021-03-08,4.0,0.6195,11106948.73,0.04574396110308798,0.04680635349780338,0.39139999999999997,1.0
2021-03-09,4.0,0.5721,9437349.49,-0.07959889979471402,-0.07651331719128329,0.579,1.0
2021-03-10,8.0,0.5586,9796265.81,-0.023880147763406856,-0.023597273203985414,0.4632125,0.75
2021-03-11,19.0,0.5268,8458213.12,-0.05861268364195027,-0.05692803437164329,0.17722105263157895,0.47368421052631576
2021-03-12,10.0,0.5703,11523066.34,0.07934156829336714,0.08257403189066048,0.38703000000000004,1.0
2021-03-13,4.0,0.5416,5608875.12,-0.05163481656442803,-0.05032439067157646,0.328325,1.0
2021-03-14,4.0,0.5624,9863823.93,0.03768561889838995,0.03840472673559825,-0.12260000000000001,0.0
2021-03-15,12.0,0.5448,7425767.4,-0.03179458566115256,-0.031294452347084056,0.16143333333333335,0.6666666666666666
2021-03-16,11.0,0.6288,17331885.48,0.14339448627969426,0.1541850220264318,0.4294909090909091,0.8181818181818182
2021-03-17,4.0,0.5922,8599196.3,-0.05996882544750598,-0.05820610687022909,0.356575,1.0
2021-03-18,0.0,0.585,7373384.71,-0.012232568435634472,-0.012158054711246202,0.0,0.0
2021-03-19,0.0,0.5788,7192430.02,-0.010654852474527576,-0.010598290598290538,0.0,0.0
2021-03-20,0.0,0.5563,8840073.05,-0.039649277676081285,-0.03887353144436756,0.0,0.0
2021-03-21,0.0,0.5205,7948278.92,-0.06651782902622405,-0.06435376595362219,0.0,0.0
2021-03-22,0.0,0.5197,5637527.65,-0.0015381660406271758,-0.001536983669548353,0.0,0.0
2021-03-23,0.0,0.4685,6143216.64,-0.1037156203359193,-0.09851837598614588,0.0,0.0
2021-03-24,0.0,0.4484,8197595.89,-0.04385041048047211,-0.04290288153681965,0.0,0.0
2021-03-25,0.0,0.5017,6271063.21,0.11231664029220245,0.11886708296164139,0.0,0.0
2021-03-26,0.0,0.4859,6634535.56,-0.03199949007835001,-0.03149292405820214,0.0,0.0
2021-03-27,1.0,0.4909,8924792.72,0.010237599652149543,0.010290183165260425,0.1901,1.0
2021-03-28,8.0,0.5377,13261946.52,0.09106034275162544,0.09533509879812585,0.5498500000000001,1.0
2021-03-29,12.0,0.549,6542766.17,0.020797657693898408,0.021015436116794017,0.6090333333333334,0.8333333333333334
2021-03-30,1.0,0.5491,9212298.84,0.00018213277529632865,0.00018214936247717972,0.7939,1.0
2021-03-31,11.0,0.5357,7441620.8,-0.024706271397912483,-0.024403569477326692,0.5931,0.8181818181818182
2021-04-01,3.0,0.57,7774341.9,0.06206205794168118,0.06402837408997564,0.20183333333333334,0.3333333333333333
2021-04-02,11.0,0.527,9110333.16,-0.0784358122872334,-0.07543859649122797,0.2289,0.45454545454545453
2021-04-03,3.0,0.5711,6194599.91,0.08036377712945497,0.08368121442125243,0.5682666666666667,1.0
2021-04-04,4.0,0.5881,8687207.21,0.02933267579509291,0.029767116091752532,0.57165,1.0
2021-04-05,13.0,0.572,7785414.89,-0.02775801008611245,-0.02737629654820606,0.6555153846153845,1.0
2021-04-06,7.0,0.5215,9553863.4,-0.09242971693897073,-0.08828671328671323,0.23472857142857143,0.42857142857142855
2021-04-07,8.0,0.5679,7815482.41,0.08523607244255971,0.08897411313518688,0.35373750000000004,0.75
2021-04-08,11.0,0.5563,4113293.19,-0.020637629802139235,-0.02042613136115501,0.1698909090909091,0.6363636363636364
2021-04-09,10.0,0.5531,4765619.83,-0.005768900080615147,-0.005752291928815323,0.49141,0.8
2021-04-10,0.0,0.5721,5024497.39,0.03377498427385084,0.03435183511119155,0.0,0.0
2021-04-11,0.0,0.622,10617747.15,0.08362629146469625,0.08722251354658273,0.0,0.0
2021-04-12,0.0,0.6061,9618885.74,-0.025895103781940154,-0.025562700964630314,0.0,0.0
2021-04-13,0.0,0.6513,19243075.7,0.07192537659511655,0.07457515261507996,0.0,0.0
2021-04-14,2.0,0.6734,12320681.05,0.033369141174618255,0.03393213572854292,-0.2294,0.0
2021-04-15,5.0,0.641,14295714.35,-0.049310049806304046,-0.04811404811404807,0.62296,1.0
2021-04-16,4.0,0.7468,30975616.36,0.15276795474689753,0.1650546021840873,0.14049999999999999,0.5
2021-04-17,11.0,0.6338,27341951.89,-0.16406396441074717,-0.1513122656668452,0.05187272727272727,0.6363636363636364
2021-04-18,5.0,0.5619,10761571.34,-0.12040954913866797,-0.1134427264121175,0.5801000000000001,1.0
2021-04-19,8.0,0.5728,9968856.63,0.019212717528283352,0.019398469478554947,0.36905,0.75
2021-04-20,3.0,0.5478,9554594.04,-0.044626358817458134,-0.0436452513966481,0.07576666666666666,0.3333333333333333
2021-04-21,8.0,0.5031,9610140.93,-0.08512129933170487,-0.08159912376779843,0.1743125,1.0
2021-04-22,4.0,0.482,9202808.43,-0.0428448434466725,-0.041939972172530315,0.5467,1.0
2021-04-23,2.0,0.4372,4219944.05,-0.09755335774821683,-0.09294605809128631,0.30995,1.0
2021-04-24,11.0,0.4392,3264028.68,0.004564133892937305,0.0045745654162854255,0.4575090909090909,0.6363636363636364
2021-04-25,3.0,0.4956,7521583.67,0.12081425955966663,0.12841530054644812,0.14923333333333336,-0.3333333333333333
2021-04-26,5.0,0.5426,6612270.22,0.09060325046984397,0.09483454398708635,0.42568,0.6
2021-04-27,4.0,0.5234,8565534.58,-0.036026410128785935,-0.03538518245484701,0.442875,1.0
2021-04-28,2.0,0.5316,6872740.27,0.015545336743044702,0.015666794038975862,0.0,1.0
2021-04-29,3.0,0.5615,8007101.93,0.05472044733940773,0.05624529721595195,0.12983333333333333,1.0
2021-04-30,4.0,0.5815,7488369.5,0.034999197780221314,0.0356188780053428,0.00014999999999998348,0.5
2021-05-01,4.0,0.5772,7781786.46,-0.007422145059003293,-0.007394668959587181,0.419725,1.0
2021-05-02,7.0,0.5815,9393710.49,0.007422145059003293,0.007449757449757399,0.34611428571428565,0.42857142857142855
2021-05-03,2.0,0.5111,12873881.35,-0.1290457061844853,-0.1210662080825452,0.7104,1.0
2021-05-04,4.0,0.574,15566610.21,0.11606413054533249,0.12306789278027774,0.390475,1.0
2021-05-05,6.0,0.5782,17674688.91,0.007290433262679419,0.007317073170731936,0.5168166666666667,1.0
2021-05-06,2.0,0.5825,16981926.75,0.007409355857609823,0.007436873054306403,0.3691,1.0
2021-05-07,3.0,0.5777,7032485.5,-0.00827448265263575,-0.008240343347639567,-0.15833333333333333,-0.3333333333333333
2021-05-08,4.0,0.5723,8300725.1,-0.009391373372163225,-0.009347412151635703,-0.025974999999999995,0.0
2021-05-09,7.0,0.5107,11080613.42,-0.11388099576145838,-0.10763585532063602,0.3855571428571429,0.7142857142857143
2021-05-10,12.0,0.658,52241525.29,0.253422597671719,0.28842764832582723,0.31834999999999997,0.6666666666666666
2021-05-11,24.0,0.6163,154006243.13,-0.06547107335711982,-0.0633738601823709,0.2942,0.75
2021-05-12,30.0,0.6113,41621328.07,-0.008146020933517795,-0.008112932013629726,0.27403,0.6666666666666666
2021-05-13,4.0,0.612,29382310.58,0.0011444454776464164,0.0011451006052676238,0.190775,1.0
2021-05-14,5.0,0.556,26794741.83,-0.09596398826174363,-0.0915032679738561,0.44209999999999994,1.0
2021-05-15,4.0,0.5693,20545088.92,0.023639241706453817,0.02392086330935239,0.313875,0.5
2021-05-16,5.0,0.5102,19038424.35,-0.10960473024932527,-0.10381169857720018,0.47706,1.0
2021-05-17,3.0,0.5289,16912890.84,0.03599657236422338,0.036652293218345955,0.269,1.0
2021-05-18,8.0,0.3434,24961056.4,-0.4319034296085592,-0.3507279258839101,0.4138625,0.75
2021-05-19,1.0,0.4069,11705062.32,0.1696715065442691,0.18491555037856733,-0.1531,-1.0
2021-05-20,3.0,0.3487,8671485.5,-0.1543555013260387,-0.14303268616367648,0.38999999999999996,1.0
2021-05-21,2.0,0.3149,6245806.02,-0.1019568255746266,-0.09693145970748496,-0.18465,-1.0
2021-05-22,1.0,0.2738,7963413.59,-0.1398572152526305,-0.13051762464274386,0.0,1.0
2021-05-23,3.0,0.3391,13287742.85,0.2138971362772446,0.23849525200876553,0.4277,1.0
2021-05-24,1.0,0.3921,20886047.96,0.14522186016669292,0.1562960778531406,-0.4019,-1.0
2021-05-25,22.0,0.4232,29076611.23,0.0763279712458037,0.07931650089262954,0.27975,0.7272727272727273
2021-05-26,11.0,0.4048,11517655.01,-0.04445176257083383,-0.0434782608695653,0.30319999999999997,0.6363636363636364
2021-05-27,3.0,0.3518,26906235.65,-0.1403302856697981,-0.13092885375494068,0.3310666666666667,1.0
2021-05-28,1.0,0.3221,10181149.8,-0.0882007759663046,-0.08442296759522461,0.2609,1.0
2021-05-29,0.0,0.3356,5862723.03,0.04105791825589811,0.04191244954982931,0.0,0.0
2021-05-30,1.0,0.3689,10750825.48,0.09460563000957878,0.09922526817640054,0.34,1.0
2021-05-31,3.0,0.3743,12061584.2,0.014532010307753307,0.014638113309840106,0.2633,0.3333333333333333
2021-06-01,3.0,0.3814,9869550.74,0.0187910782559354,0.018968741651081977,0.7313666666666666,1.0
2021-06-02,0.0,0.3917,9188073.32,0.02664754750546694,0.027005768222338578,0.0,0.0
2021-06-03,5.0,0.3613,9732416.55,-0.08078760251819106,-0.07761041613479702,0.42826000000000003,1.0
2021-06-04,5.0,0.3461,7464017.55,-0.042980887512295896,-0.04207030168834758,0.71116,0.6
2021-06-05,5.0,0.3556,3868876.8,0.02707875299845086,0.027448714244437955,0.27502,1.0
2021-06-06,4.0,0.3275,6382031.17,-0.08231844856444281,-0.07902137232845896,0.7303,1.0
2021-06-07,1.0,0.3198,9120494.33,-0.023792254675452984,-0.023511450381679566,0.0258,1.0
2021-06-08,0.0,0.3323,4122052.93,0.038342374960694814,0.0390869293308318,0.0,0.0
2021-06-09,1.0,0.312,3660866.7,-0.06303498755106629,-0.0610893770689136,-0.4753,-1.0
2021-06-10,6.0,0.2917,2103019.38,-0.06727731093580647,-0.06506410256410255,0.6923500000000001,0.6666666666666666
2021-06-11,2.0,0.2907,4307266.3,-0.0034340693088454888,-0.0034281796366130157,0.3719,1.0
2021-06-12,3.0,0.3054,2471362.31,0.049330585219701684,0.05056759545923639,0.4043333333333334,0.3333333333333333
2021-06-13,3.0,0.3133,4614714.83,0.025538805173614065,0.025867714472822545,0.4773666666666667,1.0
2021-06-14,2.0,0.3064,4562119.46,-0.02226976009170989,-0.02202361953399301,0.79085,1.0
2021-06-15,4.0,0.2887,7411756.65,-0.05950335119754668,-0.05776762402088775,0.604775,1.0
2021-06-16,1.0,0.2927,3207845.67,0.013760107028950808,0.013855213023900248,0.3182,1.0
2021-06-17,2.0,0.2701,4026887.51,-0.08035593289927045,-0.077212162623847,0.70395,1.0
2021-06-18,9.0,0.2689,1439749.15,-0.0044526975237508815,-0.004442798963346983,0.45097777777777776,0.7777777777777778
2021-06-19,2.0,0.2708,1867599.0,0.007040977763300926,0.007065823726292386,0.86285,1.0
2021-06-20,5.0,0.213,4048925.87,-0.24008837532869487,-0.21344165435745932,0.20382000000000003,0.6
2021-06-21,2.0,0.1993,7685842.75,-0.06648093849067593,-0.06431924882629103,0.8004,1.0
2021-06-22,1.0,0.2174,3571777.63,0.08692774746836007,0.09081786251881585,0.9246,1.0
2021-06-23,0.0,0.2231,3749424.15,0.02588112675137766,0.026218951241950172,0.0,0.0
2021-06-24,0.0,0.2062,2797598.31,-0.07877352985562736,-0.07575078440161365,0.0,0.0
2021-06-25,0.0,0.2112,1433464.78,0.02395898024924703,0.02424830261881672,0.0,0.0
2021-06-26,2.0,0.2774,15432562.53,0.27265495604862466,0.3134469696969695,0.0,1.0
2021-06-27,11.0,0.2792,8500844.93,0.006467863007486363,0.0064888248017305195,-0.06538181818181817,0.2727272727272727
2021-06-28,1.0,0.2788,3428274.8,-0.0014336920018487298,-0.0014326647564469885,0.9403,1.0
2021-06-29,1.0,0.2674,3184038.19,-0.04174901421852595,-0.04088952654232414,0.0,1.0
2021-06-30,4.0,0.2497,2161309.97,-0.06848546738211536,-0.06619296933433061,0.43205,1.0
2021-07-01,8.0,0.2494,2353548.33,-0.0012021640397914535,-0.0012014417300760805,0.4473,1.0
2021-07-02,7.0,0.2591,1985755.65,0.03815605432212821,0.03889334402566158,0.07204285714285714,0.14285714285714285
2021-07-03,1.0,0.2579,1363083.85,-0.004642174680764999,-0.004631416441528313,0.0,1.0
2021-07-04,4.0,0.2475,1107538.27,-0.041161330878554336,-0.040325707638619646,0.7055,1.0
2021-07-05,3.0,0.2592,1092400.88,0.04618938246937465,0.04727272727272713,0.4465666666666667,1.0
2021-07-06,1.0,0.2578,2547295.11,-0.005415873973032559,-0.005401234567901314,0.3883,1.0
2021-07-07,0.0,0.2369,3452350.39,-0.08454597934034713,-0.08107059736229627,0.0,0.0
2021-07-08,2.0,0.2384,1066840.89,0.006311824026454804,0.00633178556352898,0.80345,1.0
2021-07-09,0.0,0.235,762340.34,-0.014364421047035725,-0.014261744966443057,0.0,0.0
2021-07-10,4.0,0.2354,554191.11,0.0017006806820174525,0.0017021276595745594,0.3968,1.0
2021-07-11,1.0,0.2322,1680659.25,-0.013687125562385383,-0.0135938827527613,0.9922,1.0
2021-07-12,2.0,0.2233,1086935.97,-0.03908291041767886,-0.038329026701119706,0.8089500000000001,1.0
2021-07-13,4.0,0.2327,2412558.94,0.04123391146213384,0.042095835199283504,0.262525,0.5
2021-07-14,8.0,0.2227,2243325.94,-0.0439244960449241,-0.04297378599054569,0.32613749999999997,0.25
2021-07-15,1.0,0.2078,1569756.34,-0.06924949559819482,-0.06690615177368653,0.0,1.0
2021-07-16,1.0,0.2074,798555.83,-0.00192678286970005,-0.0019249278152070337,0.0,1.0
2021-07-17,5.0,0.2116,594202.71,0.020048404188717228,0.020250723240115676,0.5166999999999999,1.0
2021-07-18,0.0,0.1999,673623.51,-0.05688045847779,-0.05529300567107753,0.0,0.0
2021-07-19,0.0,0.188,927396.23,-0.06137527867640502,-0.059529764882441216,0.0,0.0
2021-07-20,4.0,0.2026,777422.43,0.07479162898463376,0.07765957446808502,0.42135,0.5
2021-07-21,2.0,0.2106,1153730.06,0.03872700788529215,0.03948667324777899,-0.17795,0.0
2021-07-22,6.0,0.2112,880997.71,0.0028449521322313487,0.002849002849002691,0.6106833333333334,1.0
2021-07-23,16.0,0.2157,1031805.61,0.021083001563004133,0.02130681818181812,0.39445625,0.625
2021-07-24,1.0,0.2248,1999440.72,0.041322564624425295,0.042188224385720785,0.2687,1.0
2021-07-25,3.0,0.2292,3871209.77,0.019383866821048423,0.019572953736654686,0.16486666666666666,0.3333333333333333
2021-07-26,3.0,0.2291,1588818.29,-0.0004363953811346022,-0.00043630017452001013,0.27763333333333334,1.0
2021-07-27,2.0,0.2333,1414815.04,0.0181665895679346,0.018332605848974337,0.00545000000000001,0.0
2021-07-28,5.0,0.2398,1652511.9,0.0274800635660295,0.02786112301757404,0.38188000000000005,1.0
2021-07-29,3.0,0.2475,1762640.71,0.03160533941533106,0.032110091743119185,-0.1927,-0.3333333333333333
2021-07-30,3.0,0.2519,2592907.18,0.017621601349819604,0.017777777777777892,-0.4838,-0.3333333333333333
2021-07-31,2.0,0.2494,3020707.58,-0.009974150112628477,-0.009924573243350499,0.27115,1.0
2021-08-01,4.0,0.2526,1832207.91,0.01274917667045461,0.012830793905372895,0.4181,0.5
2021-08-02,2.0,0.2414,1485512.67,-0.045351901252959514,-0.04433887569279493,0.2075,0.0
2021-08-03,4.0,0.2519,1559269.98,0.04257687469513338,0.04349627174813597,0.311625,1.0
2021-08-04,0.0,0.2566,1873804.44,0.01848626882297144,0.01865819769749888,0.0,0.0
2021-08-05,5.0,0.2649,2517001.02,0.0318339440964881,0.03234606391270467,-0.03782,-0.2
2021-08-06,7.0,0.2815,3402502.09,0.06078005130172093,0.06266515666289152,0.16092857142857145,0.42857142857142855
2021-08-07,3.0,0.2687,1234152.19,-0.046536931958299554,-0.045470692717584305,0.7073999999999999,1.0
2021-08-08,11.0,0.2865,3069706.68,0.06414302053334864,0.06624488276888707,0.14607272727272727,0.8181818181818182
2021-08-09,3.0,0.292,3544199.8,0.019015266113487694,0.01919720767888311,0.2810666666666667,0.3333333333333333
2021-08-10,2.0,0.2966,3443762.67,0.01563062743554977,0.015753424657534154,0.2159,1.0
2021-08-11,4.0,0.2857,1524075.89,-0.037442120467104045,-0.036749831422791535,0.12022500000000001,0.0
2021-08-12,6.0,0.3375,8591560.06,0.16662320107585704,0.18130906545327274,0.33103333333333335,0.6666666666666666
2021-08-13,11.0,0.3273,3868532.8,-0.030688328805449805,-0.030222222222222372,0.09862727272727273,0.45454545454545453
2021-08-14,5.0,0.3256,2350217.01,-0.0052075473787494,-0.005194011610143545,0.485,1.0
2021-08-15,8.0,0.3442,6910730.77,0.05555324964905384,0.05712530712530706,0.0730625,0.75
2021-08-16,13.0,0.3145,4924495.0,-0.09023880763694403,-0.08628704241719931,0.1078923076923077,0.8461538461538461
2021-08-17,5.0,0.3141,4130301.88,-0.001272669595894227,-0.0012718600953895987,0.24488,1.0
2021-08-18,1.0,0.3283,3477619.78,0.044216417962946064,0.045208532314549466,0.5486,1.0
2021-08-19,5.0,0.3528,4967389.08,0.07197349962508937,0.07462686567164178,0.10212000000000002,1.0
2021-08-20,5.0,0.3532,4625220.92,0.0011331445971687337,0.0011337868480725266,0.37446,1.0
2021-08-21,3.0,0.5481,82059190.44,0.43942328332226577,0.5518120045300114,0.10023333333333333,0.3333333333333333
2021-08-22,86.0,0.5073,39986693.74,-0.07735520747942659,-0.07443897099069519,0.18503139534883722,0.6046511627906976
2021-08-23,15.0,0.4596,21098934.0,-0.09874599859804356,-0.09402720283855703,0.4235333333333333,0.7333333333333333
2021-08-24,24.0,0.4647,11205456.36,0.01103549011633198,0.011096605744125299,0.21677083333333333,0.8333333333333334
2021-08-25,14.0,0.4936,20618466.11,0.06033343650024536,0.062190660641273876,0.30791428571428575,0.7142857142857143
2021-08-26,11.0,0.4971,19449825.75,0.007065740509448859,0.007090761750405239,0.1604818181818182,0.6363636363636364
2021-08-27,6.0,0.5527,16202759.04,0.10602414573859031,0.11184872259102785,0.27363333333333334,1.0
2021-08-28,16.0,0.5548,71376131.44,0.0037923296014592545,0.003799529582051653,-0.002424999999999993,-0.125
2021-08-29,29.0,0.5358,28953487.47,-0.034846731330168024,-0.03424657534246556,0.25718965517241377,0.7931034482758621
2021-08-30,41.0,0.5527,14462926.39,0.03105440172870877,0.03154162000746541,0.12952439024390244,0.36585365853658536
2021-08-31,104.0,0.5367,11574859.74,-0.029376079656434073,-0.02894879681563234,0.07917884615384616,0.28846153846153844
2021-09-01,60.0,0.5286,8204429.99,-0.015207277012594389,-0.015092230296254838,0.23017166666666666,0.5666666666666667
2021-09-02,27.0,0.5143,7121504.61,-0.02742524938931823,-0.027052591751797195,0.34851111111111116,0.7777777777777778
2021-09-03,36.0,0.5092,6894912.12,-0.009965886097619059,-0.009916391211355235,0.8178944444444444,0.8888888888888888
2021-09-04,16.0,0.5233,7796493.41,0.027314046694910665,0.027690494893951367,0.3293875,0.875
2021-09-05,8.0,0.5055,6862484.33,-0.03460687491763614,-0.034014905407987794,0.4165875,0.75
2021-09-06,14.0,0.4065,17776428.21,-0.21796410947266076,-0.19584569732937684,0.3703142857142857,0.5714285714285714
2021-09-07,11.0,0.4356,18799787.93,0.06914046207094016,0.07158671586715881,0.4274727272727273,1.0
2021-09-08,45.0,0.4482,7598881.96,0.028515170308021198,0.02892561983471076,0.33069333333333334,0.8666666666666667
2021-09-09,43.0,0.4164,6340483.3,-0.07359322462601281,-0.07095046854082998,0.3798976744186046,0.8604651162790697
2021-09-10,47.0,0.4383,5592596.09,0.05125727068394981,0.05259365994236309,0.37047021276595743,0.7446808510638298
2021-09-11,43.0,0.4834,21002277.24,0.09794086084461906,0.10289755874971473,0.3232906976744186,0.627906976744186
2021-09-12,22.0,0.4343,7691508.28,-0.10710892872860633,-0.10157219693835329,0.13365000000000002,0.7272727272727273
2021-09-13,37.0,0.4681,6886925.11,0.0749464087652486,0.07782638728989166,0.27507837837837834,0.4594594594594595
2021-09-14,64.0,0.4993,9101415.36,0.06452516920053875,0.06665242469557797,0.323690625,0.78125
2021-09-15,21.0,0.4716,6931827.19,-0.05707594884334777,-0.05547766873623072,0.3772666666666667,0.9047619047619048
2021-09-16,20.0,0.4641,4788455.36,-0.01603112241608573,-0.01590330788804073,0.46014999999999995,0.8
2021-09-17,6.0,0.4601,1962890.85,-0.0086561890857072,-0.008618832148243882,0.38073333333333337,0.6666666666666666
2021-09-18,32.0,0.4498,5029181.82,-0.022640817636207733,-0.022386437730928077,0.253421875,0.6875
2021-09-19,7.0,0.3997,7598984.63,-0.11808877380793736,-0.11138283681636274,0.20500000000000002,0.7142857142857143
2021-09-20,2.0,0.3769,4190236.96,-0.058734365444188086,-0.05704278208656488,0.44215,1.0
2021-09-21,11.0,0.4105,3436672.28,0.0853960286193931,0.0891483152029715,0.49164545454545455,0.8181818181818182
2021-09-22,66.0,0.4111,1978734.55,0.0014605650113499458,0.0014616321559075551,0.14212121212121212,0.6060606060606061
2021-09-23,51.0,0.38,4282949.65,-0.07866524118340135,-0.07565069326198004,0.45666862745098036,0.8823529411764706
2021-09-24,77.0,0.3851,2303519.64,0.013331788100431785,0.013421052631579,0.23664935064935066,0.6363636363636364
2021-09-25,21.0,0.3689,3134779.44,-0.042977436218233245,-0.04206699558556215,0.35927619047619047,0.8095238095238095
2021-09-26,41.0,0.3661,2216817.9,-0.007619084476439442,-0.007590132827324569,0.3833585365853659,0.8048780487804879
2021-09-27,63.0,0.3513,2357578.34,-0.041265960854409256,-0.040426113083856796,0.20873492063492063,0.3968253968253968
2021-09-28,18.0,0.3549,1250029.01,0.01019550038066952,0.010247651579846195,0.38001666666666667,0.8888888888888888
2021-09-29,26.0,0.3656,1690708.98,0.02970377992754414,0.03014933784164553,0.32863461538461536,0.5384615384615384
2021-09-30,31.0,0.3887,3028145.41,0.06126799827818252,0.06318380743982499,0.37003870967741936,0.5483870967741935
2021-10-01,32.0,0.3977,3505629.9,0.022890114355467395,0.02315410342166202,0.240034375,0.625
2021-10-02,10.0,0.4121,5616422.07,0.03556808613112683,0.03620819713351775,0.18641000000000002,0.6
2021-10-03,52.0,0.3996,3963339.31,-0.03080199157037322,-0.03033244358165499,0.2557019230769231,0.5384615384615384
2021-10-04,36.0,0.4094,2744152.28,0.02422862645279067,0.02452452452452447,0.29351944444444444,0.7222222222222222
2021-10-05,82.0,0.393,4281947.86,-0.04088306135792785,-0.0400586223742061,0.2896987804878049,0.5853658536585366
2021-10-06,15.0,0.3952,2963971.44,0.005582354004451395,0.005597964376590214,0.31318,0.7333333333333333
2021-10-07,59.0,0.4012,5236033.83,0.015068090214067742,0.015182186234817818,0.22644067796610168,0.6271186440677966
2021-10-08,71.0,0.41,4355710.94,0.021697103610572976,0.02193419740777669,0.34743661971830986,0.6338028169014085
2021-10-09,45.0,0.3841,2253547.18,-0.0652542243464943,-0.06317073170731702,0.40441777777777776,0.9111111111111111
2021-10-10,24.0,0.3698,4138836.7,-0.037940616398834615,-0.03722988804998695,0.24150416666666666,0.75
2021-10-11,33.0,0.3729,3208463.89,0.008347968231750658,0.00838290968090849,0.27608484848484854,0.696969696969697
2021-10-12,62.0,0.3821,2380052.34,0.024372067268079056,0.024671493698042335,0.20179516129032257,0.6129032258064516
2021-10-13,94.0,0.3793,2646934.5,-0.007354905758000907,-0.007327924627060889,0.24369787234042553,0.5319148936170213
2021-10-14,39.0,0.4143,18601157.53,0.08826290038850282,0.0922752438702874,0.2665974358974359,0.48717948717948717
2021-10-15,35.0,0.4212,12640531.26,0.016517431176464314,0.016654598117306296,0.22630285714285714,0.42857142857142855
2021-10-16,17.0,0.4504,28585863.1,0.06702829656566023,0.06932573599240266,0.2862764705882353,0.7647058823529411
2021-10-17,30.0,0.432,9389849.32,-0.041710488581370386,-0.04085257548845478,0.39865,0.6666666666666666
2021-10-18,30.0,0.4285,3534213.38,-0.008134850206275801,-0.00810185185185186,0.34096999999999994,0.6
2021-10-19,20.0,0.4358,3343325.54,0.016892684472685104,0.017036172695449325,0.368105,0.8
2021-10-20,16.0,0.414,5047209.39,-0.05131744868520527,-0.050022946305644855,0.17153125,0.625
2021-10-21,52.0,0.4256,6381794.08,0.027633964202120276,0.02801932367149762,0.18309807692307695,0.6538461538461539
2021-10-22,152.0,0.433,5322149.84,0.017237789975055207,0.017387218045112895,0.3109092105263158,0.6973684210526315
2021-10-23,115.0,0.4159,2945538.92,-0.04029288125362385,-0.039491916859122456,0.39508782608695653,0.7913043478260869
2021-10-24,57.0,0.4276,2207268.72,0.0277433324020242,0.028131762442894948,0.2858701754385965,0.6140350877192983
2021-10-25,84.0,0.428,5617271.44,0.0009350164309066544,0.00093545369504211,0.28849285714285716,0.7380952380952381
2021-10-26,186.0,0.3739,8452389.77,-0.1351348135987287,-0.1264018691588784,0.3128956989247312,0.7311827956989247
2021-10-27,205.0,0.5387,75282324.64,0.3651704477034199,0.4407595613800479,0.21396536585365855,0.6585365853658537
2021-10-28,1203.0,0.5499,44837455.2,0.02057761382728107,0.02079079264896988,0.2436333333333333,0.600997506234414
2021-10-29,690.0,0.5489,47326981.75,-0.0018201679579255003,-0.0018185124568103062,0.2999757971014493,0.663768115942029
2021-10-30,425.0,0.6403,22956247.18,0.15402054096891288,0.1665148478775731,0.31812917647058825,0.7035294117647058
2021-10-31,713.0,1.022,316722849.6,0.4675799542388933,0.5961268155552086,0.28221612903225807,0.6830294530154277
2021-11-01,2486.0,1.433,579333484.34,0.3380086570645221,0.4021526418786694,0.2436382944489139,0.5977473853580049
2021-11-02,3726.0,1.17,239013979.91,-0.20276640003637011,-0.18353105373342649,0.2381514224369297,0.5958132045088567
2021-11-03,2427.0,1.12,112545501.78,-0.043675063502661426,-0.04273504273504258,0.2388811289658014,0.6209311907704985
2021-11-04,1821.0,1.183,177317596.04,0.05472489968924649,0.05624999999999991,0.24097248764415158,0.6210873146622735
2021-11-05,2288.0,1.284,115035060.8,0.0819266202715197,0.08537616229923928,0.229688243006993,0.6398601398601399
2021-11-06,1355.0,1.482,86685869.4,0.1434123216061257,0.15420560747663536,0.2614540959409594,0.6649446494464945
2021-11-07,2346.0,2.133,534849081.8,0.36413691261531833,0.4392712550607287,0.2624329923273658,0.6666666666666666
2021-11-08,3560.0,2.941,728580223.46,0.3212202200826445,0.3788091889357712,0.22790519662921346,0.6089887640449438
2021-11-09,5008.0,3.032,979535428.44,0.030472808208267255,0.03094185651139081,0.24040231629392972,0.6014376996805112
2021-11-10,5279.0,3.21,524947085.43,0.05704846936179919,0.05870712401055411,0.20291182042053418,0.5336237923849214
2021-11-11,672.0,3.045,284392562.98,-0.05277003598006402,-0.051401869158878566,0.29468229166666665,0.5416666666666666
2021-11-12,366.0,2.678,141519254.84,-0.12843065389287966,-0.12052545155993433,0.23502158469945356,0.5245901639344263
2021-11-13,1193.0,3.061,247984670.43,0.1336714126942946,0.1430171769977595,0.24723093042749372,0.6110645431684828
2021-11-14,1919.0,2.908,120810337.35,-0.05127610029200236,-0.049983665468801064,0.25563736321000524,0.62480458572173
2021-11-15,1093.0,2.634,150641908.83,-0.09896195635018368,-0.09422283356258598,0.2615708142726441,0.7200365965233303
2021-11-16,1563.0,2.527,132645793.43,-0.04147077491503204,-0.04062262718299159,0.25570889315419065,0.6417146513115803
2021-11-17,967.0,2.217,138358096.23,-0.13087789777188286,-0.12267510882469335,0.26366421923474664,0.6111685625646329
2021-11-18,1209.0,2.663,184733039.63,0.18329837619762068,0.20117275597654483,0.21026914805624483,0.543424317617866
2021-11-19,1346.0,2.581,63794711.97,-0.031276386095318354,-0.03079233946676674,0.26665,0.6701337295690936
2021-11-20,594.0,2.38,61264924.04,-0.08107643305309342,-0.07787679194110808,0.22637087542087544,0.6397306397306397
2021-11-21,908.0,2.648,115706087.26,0.10670415039137848,0.11260504201680677,0.23350385462555068,0.6651982378854625
2021-11-22,897.0,3.323,314724112.35,0.2270633512976954,0.2549093655589123,0.2511958751393534,0.6387959866220736
2021-11-23,2303.0,3.413,196303570.81,0.026723680552112716,0.02708396027685822,0.24347242726877985,0.61615284411637
2021-11-24,1432.0,3.205,223954488.27,-0.06287957955193657,-0.06094345150893632,0.23668016759776536,0.6270949720670391
2021-11-25,1167.0,2.809,189690377.44,-0.13188354225052668,-0.1235569422776911,0.2731379605826907,0.6760925449871465
2021-11-26,863.0,2.897,70802323.65,0.03084717066510656,0.03132787468850107,0.22480590961761296,0.7334878331402086
2021-11-27,1104.0,2.932,63549565.85,0.012009065237191807,0.012081463583016872,0.2641814311594203,0.717391304347826
2021-11-28,897.0,2.867,80824766.1,-0.02241859712317229,-0.022169167803547052,0.2540221850613155,0.6989966555183946
2021-11-29,682.0,2.77,75804951.47,-0.03441886670198557,-0.03383327520055801,0.2225675953079179,0.6392961876832844
2021-11-30,656.0,2.779,62533436.72,0.003243830561119543,0.003249097472924234,0.22818689024390243,0.6432926829268293
2021-12-01,777.0,2.633,45185735.93,-0.05396727024619441,-0.05253688377114063,0.2273073359073359,0.6241956241956242
2021-12-02,708.0,2.381,63123024.21,-0.1006033130094467,-0.09570831750854547,0.26333898305084746,0.635593220338983
2021-12-03,632.0,2.266,130816147.19,-0.04950440489891106,-0.048299034019319564,0.21523639240506331,0.5981012658227848
2021-12-04,668.0,2.035,55316798.05,-0.10752034371125618,-0.10194174757281549,0.26621437125748504,0.7065868263473054
2021-12-05,498.0,2.464,97843875.24,0.19129022677671492,0.21081081081081066,0.25177489959839355,0.6305220883534136
2021-12-06,1403.0,2.468,94571735.71,0.0016220603718680726,0.0016233766233766378,0.2381224518888097,0.6806842480399145
2021-12-07,685.0,2.562,137612241.6,0.03738009743140103,0.03808752025931916,0.23799693430656932,0.5562043795620438
2021-12-08,1282.0,2.496,115684284.86,-0.026098752967361194,-0.025761124121779777,0.2621291731669267,0.6333853354134166
2021-12-09,699.0,2.304,79249746.34,-0.0800427076735365,-0.07692307692307698,0.3275884120171674,0.6738197424892703
2021-12-10,730.0,2.423,38046527.99,0.050359699000743996,0.05164930555555558,0.3011349315068493,0.6712328767123288
2021-12-11,395.0,2.455,24126396.47,0.013120319412095238,0.01320676846884039,0.2974270886075949,0.7164556962025317
2021-12-12,768.0,2.099,45231285.36,-0.15666572040798787,-0.14501018329938897,0.250786328125,0.6432291666666666
2021-12-13,686.0,2.184,46960414.68,0.03969701704416262,0.040495474035254775,0.25990102040816326,0.6530612244897959
2021-12-14,582.0,2.245,46260638.22,0.027547463311558995,0.02793040293040283,0.2082750859106529,0.6185567010309279
2021-12-15,393.0,2.107,32685935.49,-0.06344038637216565,-0.06146993318485516,0.2280580152671756,0.5979643765903307
2021-12-16,604.0,2.055,26222522.38,-0.024989286873854044,-0.024679639297579548,0.22587417218543046,0.5860927152317881
2021-12-17,404.0,2.074,22158260.86,0.009203261859137557,0.00924574209245721,0.1882658415841584,0.5742574257425742
2021-12-18,350.0,2.044,17113736.0,-0.014570437465877495,-0.014464802314368308,0.23731057142857143,0.5942857142857143
2021-12-19,640.0,2.015,30224058.68,-0.014289476942811685,-0.014187866927592885,0.31282109375,0.7125
2021-12-20,573.0,2.4,57822362.95,0.17484954195525348,0.19106699751861034,0.29288219895287954,0.6265270506108203
2021-12-21,2158.0,2.202,37446713.67,-0.08610269905341161,-0.08250000000000002,0.22968744207599628,0.6385542168674698
2021-12-22,1079.0,2.319,32325018.16,0.05177001997290631,0.053133514986376085,0.23012835959221503,0.6126042632066728
2021-12-23,862.0,2.216,22282910.18,-0.04543228938835708,-0.044415696420870954,0.23272192575406034,0.6983758700696056
2021-12-24,678.0,2.273,15558787.87,0.025396775985368714,0.02572202166064974,0.24568185840707968,0.5988200589970502
2021-12-25,653.0,2.351,26936095.21,0.033740224687526243,0.03431588209414871,0.28880336906584997,0.6967840735068913
2021-12-26,382.0,2.258,32902411.41,-0.0403613038304621,-0.039557635048915296,0.2227086387434555,0.5759162303664922
2021-12-27,720.0,2.058,47374852.06,-0.09274482831561259,-0.08857395925597877,0.2619775,0.675
2021-12-28,896.0,1.975,26408573.95,-0.04116623905877248,-0.04033041788143821,0.2533275669642857,0.6383928571428571
2021-12-29,635.0,1.995,24760131.76,0.010075651988741607,0.010126582278481067,0.25039039370078736,0.6283464566929133
2021-12-30,702.0,2.088,39244351.05,0.04556261967856545,0.046616541353383445,0.23827250712250714,0.6467236467236467
2021-12-31,793.0,2.088,16051627.25,0.0,0.0,0.22587389659520807,0.6469104665825978
