date,open,close,volumeto
2019-10-22 17:00,0.02952,0.02688,90872.94
2019-10-23 17:00,0.02688,0.02706,40986.0
2019-10-24 17:00,0.02706,0.02914,52952.98
2019-10-25 17:00,0.02914,0.03007,56585.98
2019-10-26 17:00,0.03007,0.03427,162589.33
2019-10-27 17:00,0.03819,0.0231,264.52
2019-10-28 17:00,0.0337,0.03446,50776.38
2019-10-29 17:00,0.03446,0.03366,92791.3
2019-10-30 17:00,0.03366,0.03378,36607.77
2019-10-31 17:00,0.03378,0.03331,41783.4
2019-11-01 17:00,0.03331,0.03359,26511.43
2019-11-02 17:00,0.03359,0.03271,27713.54
2019-11-03 16:00,0.03271,0.03282,40966.86
2019-11-04 16:00,0.03282,0.03326,112895.67
2019-11-05 16:00,0.03326,0.03308,37372.32
2019-11-06 16:00,0.03308,0.03233,11565.73
2019-11-07 16:00,0.03233,0.03127,22465.49
2019-11-08 16:00,0.03127,0.0316,7051.49
2019-11-09 16:00,0.0316,0.03203,18450.93
2019-11-10 16:00,0.03203,0.03175,34284.48
2019-11-11 16:00,0.03175,0.03209,16320.65
2019-11-12 16:00,0.03209,0.03181,18411.82
2019-11-13 16:00,0.03181,0.03114,7527.64
2019-11-14 16:00,0.03114,0.0303,15500.21
2019-11-15 16:00,0.0303,0.03077,28564.6
2019-11-16 16:00,0.03077,0.03065,7244.51
2019-11-17 16:00,0.03065,0.02861,27926.59
2019-11-18 16:00,0.02861,0.02812,25125.92
2019-11-19 16:00,0.02812,0.02779,16047.71
2019-11-20 16:00,0.02779,0.02632,35686.81
2019-11-21 16:00,0.02632,0.02313,92224.97
2019-11-22 16:00,0.02313,0.02434,58461.29
2019-11-23 16:00,0.02434,0.02203,64930.93
2019-11-24 16:00,0.02203,0.02237,63052.27
2019-11-25 16:00,0.02237,0.02312,32690.94
2019-11-26 16:00,0.02312,0.02331,43347.29
2019-11-27 16:00,0.02331,0.0238,17062.52
2019-11-28 16:00,0.0238,0.02505,31670.3
2019-11-29 16:00,0.02505,0.02989,135916.96
2019-11-30 16:00,0.02989,0.02622,109057.53
2019-12-01 16:00,0.02622,0.02551,25774.56
2019-12-02 16:00,0.02551,0.02508,20131.51
2019-12-03 16:00,0.02508,0.02453,14947.32
2019-12-04 16:00,0.02453,0.02401,29706.45
2019-12-05 16:00,0.0231,0.02151,216.73
2019-12-06 16:00,0.02445,0.02461,22963.64
2019-12-07 16:00,0.02461,0.02483,24126.41
2019-12-08 16:00,0.02483,0.02472,17169.8
2019-12-09 16:00,0.02472,0.02339,13818.21
2019-12-10 16:00,0.02339,0.02375,12607.06
2019-12-11 16:00,0.02375,0.02306,24303.87
2019-12-12 16:00,0.02306,0.0236,27962.69
2019-12-13 16:00,0.0236,0.02318,27106.62
2019-12-14 16:00,0.02318,0.02341,16162.88
2019-12-15 16:00,0.02341,0.02229,42163.55
2019-12-16 16:00,0.02229,0.02039,32322.39
2019-12-17 16:00,0.023,0.02,275.02
2019-12-18 16:00,0.02113,0.02183,63319.5
2019-12-19 16:00,0.02,0.023,53.36
2019-12-20 16:00,0.02263,0.02142,48412.6
2019-12-21 16:00,0.02142,0.02175,83581.86
2019-12-22 16:00,0.02175,0.02129,37578.31
2019-12-23 16:00,0.02129,0.02178,43897.59
2019-12-24 16:00,0.02178,0.02152,27954.98
2019-12-25 16:00,0.02152,0.02154,29487.53
2019-12-26 16:00,0.02154,0.02257,50397.47
2019-12-27 16:00,0.02257,0.02186,49398.62
2019-12-28 16:00,0.02186,0.0217,49403.86
2019-12-29 16:00,0.0217,0.02256,56219.19
2019-12-30 16:00,0.02256,0.02153,38838.68
2019-12-31 16:00,0.02153,0.02207,20519.07
2020-01-01 16:00,0.02207,0.02175,20270.81
2020-01-02 16:00,0.02175,0.02226,44668.94
2020-01-03 16:00,0.02226,0.02188,21034.61
2020-01-04 16:00,0.02188,0.02198,14003.34
2020-01-05 16:00,0.02198,0.02255,39884.85
2020-01-06 16:00,0.02255,0.02224,41323.82
2020-01-07 16:00,0.02224,0.02163,37792.57
2020-01-08 16:00,0.02163,0.02211,29228.84
2020-01-09 16:00,0.02211,0.02359,76159.15
2020-01-10 16:00,0.02359,0.02249,34711.49
2020-01-11 16:00,0.02249,0.02393,53144.23
2020-01-12 16:00,0.02393,0.02285,40934.37
2020-01-13 16:00,0.02285,0.0245,91253.13
2020-01-14 16:00,0.0245,0.02468,73493.52
2020-01-15 16:00,0.02468,0.02391,67124.16
2020-01-16 16:00,0.02391,0.02521,132342.82
2020-01-17 16:00,0.02521,0.02593,50956.96
2020-01-18 16:00,0.03,0.02075,322.63
2020-01-19 16:00,0.02571,0.02535,45112.41
2020-01-20 16:00,0.02535,0.02557,30155.55
2020-01-21 16:00,0.02557,0.02549,24664.49
2020-01-22 16:00,0.02549,0.02412,19490.54
2020-01-23 16:00,0.02412,0.02406,28816.37
2020-01-24 16:00,0.02406,0.02474,25429.81
2020-01-25 16:00,0.02474,0.02571,24898.13
2020-01-26 16:00,0.02571,0.02514,37951.86
2020-01-27 16:00,0.02514,0.02776,40148.55
2020-01-28 16:00,0.02776,0.02759,19993.58
2020-01-29 16:00,0.02759,0.0288,44080.14
2020-01-30 16:00,0.0288,0.02871,39568.92
2020-01-31 16:00,0.02871,0.02902,27056.65
2020-02-01 16:00,0.02902,0.02967,71742.37
2020-02-02 16:00,0.02967,0.02979,35968.35
2020-02-03 16:00,0.02979,0.03158,81811.25
2020-02-04 16:00,0.03158,0.03241,88183.58
2020-02-05 16:00,0.02913,0.0345,1089.09
2020-02-06 16:00,0.03444,0.03726,83624.34
2020-02-07 16:00,0.03859,0.038,1926.2
2020-02-08 16:00,0.03629,0.0384,65242.15
2020-02-09 16:00,0.0384,0.03849,93247.43
2020-02-10 16:00,0.03849,0.03995,56664.08
2020-02-11 16:00,0.03995,0.04327,116783.65
2020-02-12 16:00,0.04327,0.0423,97362.21
2020-02-13 16:00,0.0423,0.0435,81938.4
2020-02-14 16:00,0.03496,0.044,775.98
2020-02-15 16:00,0.04412,0.03847,205059.99
2020-02-16 16:00,0.03922,0.0349,485.85
2020-02-17 16:00,0.03691,0.04125,90448.32
2020-02-18 16:00,0.04125,0.0386,79486.66
2020-02-19 16:00,0.0386,0.03796,228052.3
2020-02-20 16:00,0.03796,0.04619,299316.02
2020-02-21 16:00,0.04619,0.04486,250375.23
2020-02-22 16:00,0.04486,0.04862,140551.62
2020-02-23 16:00,0.04862,0.04464,142547.77
2020-02-24 16:00,0.04464,0.04051,136825.04
2020-02-25 16:00,0.04051,0.03539,96022.63
2020-02-26 16:00,0.0349,0.037,1854.8
2020-02-27 16:00,0.03798,0.0429,202883.05
2020-02-28 16:00,0.0429,0.04021,123181.02
2020-02-29 16:00,0.04021,0.03706,143500.51
2020-03-01 16:00,0.03706,0.0408,84799.96
2020-03-02 16:00,0.0408,0.04044,100702.3
2020-03-03 16:00,0.04044,0.04087,93564.92
2020-03-04 16:00,0.04927,0.045,885.13
2020-03-05 16:00,0.04462,0.04891,224579.21
2020-03-06 16:00,0.04891,0.0466,314936.64
2020-03-07 16:00,0.0466,0.04006,141827.56
2020-03-08 17:00,0.0408,0.04,1732.74
2020-03-09 17:00,0.04263,0.04624,628918.12
2020-03-10 17:00,0.04624,0.04456,262177.48
2020-03-11 17:00,0.04456,0.02431,184053.76
2020-03-12 17:00,0.02431,0.03062,164874.0
2020-03-13 17:00,0.03062,0.02926,111263.21
2020-03-14 17:00,0.02926,0.02915,49344.06
2020-03-15 17:00,0.02915,0.02509,91490.04
2020-03-16 17:00,0.02509,0.02675,103441.09
2020-03-17 17:00,0.02675,0.02753,144174.27
2020-03-18 17:00,0.02753,0.02999,228557.69
2020-03-19 17:00,0.02999,0.02864,177203.11
2020-03-20 17:00,0.02864,0.02852,108106.64
2020-03-21 17:00,0.02852,0.02683,95781.6
2020-03-22 17:00,0.02683,0.02818,138153.14
2020-03-23 17:00,0.02818,0.02816,109909.98
2020-03-24 17:00,0.02816,0.02739,105437.7
2020-03-25 17:00,0.02739,0.02806,85340.54
2020-03-26 17:00,0.02806,0.02632,192560.68
2020-03-27 17:00,0.02632,0.0271,91117.59
2020-03-28 17:00,0.0271,0.02503,89929.67
2020-03-29 17:00,0.02503,0.0267,68678.69
2020-03-30 17:00,0.027,0.0265,142.81
2020-03-31 17:00,0.02637,0.02707,69080.75
2020-04-01 17:00,0.02707,0.02716,92143.63
2020-04-02 17:00,0.02716,0.02789,104531.82
2020-04-03 17:00,0.02789,0.0282,71440.09
2020-04-04 17:00,0.0282,0.028,92373.45
2020-04-05 17:00,0.028,0.03021,144402.41
2020-04-06 17:00,0.03021,0.02914,119950.94
2020-04-07 17:00,0.02914,0.03017,76543.82
2020-04-08 17:00,0.03017,0.03025,61343.32
2020-04-09 17:00,0.03025,0.02799,74947.42
2020-04-10 17:00,0.02799,0.0281,74847.92
2020-04-11 17:00,0.0281,0.02778,70333.57
2020-04-12 17:00,0.02778,0.0273,71901.66
2020-04-13 17:00,0.0273,0.0273,77389.37
2020-04-14 17:00,0.0273,0.02629,50437.73
2020-04-15 17:00,0.02629,0.02796,78091.18
2020-04-16 17:00,0.02796,0.03308,545490.97
2020-04-17 17:00,0.03308,0.03326,868157.48
2020-04-18 17:00,0.03326,0.03178,166213.75
2020-04-19 17:00,0.03178,0.02934,185799.96
2020-04-20 17:00,0.02934,0.02926,148292.03
2020-04-21 17:00,0.02926,0.03055,113659.09
2020-04-22 17:00,0.03055,0.03064,106293.2
2020-04-23 17:00,0.03064,0.03041,155361.39
2020-04-24 17:00,0.03041,0.03091,181636.46
2020-04-25 17:00,0.03091,0.032,93653.97
2020-04-26 17:00,0.032,0.03227,117086.78
2020-04-27 17:00,0.03227,0.03209,117120.66
2020-04-28 17:00,0.03209,0.03391,84935.59
2020-04-29 17:00,0.03391,0.03335,143632.78
2020-04-30 17:00,0.03335,0.0354,231461.75
2020-05-01 17:00,0.0354,0.03557,122573.06
2020-05-02 17:00,0.03557,0.03451,57921.18
2020-05-03 17:00,0.03451,0.03456,71817.63
2020-05-04 17:00,0.03456,0.03411,113885.67
2020-05-05 17:00,0.03411,0.03365,867029.36
2020-05-06 17:00,0.03365,0.03315,242532.76
2020-05-07 17:00,0.03315,0.03471,214068.35
2020-05-08 17:00,0.03471,0.03488,179366.3
2020-05-09 17:00,0.03488,0.03097,85587.07
2020-05-10 17:00,0.03097,0.03123,192021.81
2020-05-11 17:00,0.03123,0.03266,191187.37
2020-05-12 17:00,0.03266,0.03481,216505.27
2020-05-13 17:00,0.03481,0.03721,780012.93
2020-05-14 17:00,0.03721,0.03659,348434.61
2020-05-15 17:00,0.03659,0.0375,179630.7
2020-05-16 17:00,0.0375,0.03767,156286.19
2020-05-17 17:00,0.03767,0.04252,458219.59
2020-05-18 17:00,0.04252,0.04035,467936.29
2020-05-19 17:00,0.04035,0.03966,299008.56
2020-05-20 17:00,0.03966,0.03912,363523.25
2020-05-21 17:00,0.03912,0.04231,493762.59
2020-05-22 17:00,0.04231,0.04091,316370.8
2020-05-23 17:00,0.04091,0.04095,414050.68
2020-05-24 17:00,0.03328,0.03328,209.81
2020-05-25 17:00,0.04286,0.04358,746160.86
2020-05-26 17:00,0.04358,0.04396,502096.94
2020-05-27 17:00,0.04396,0.0445,440771.01
2020-05-28 17:00,0.0445,0.04632,593157.63
2020-05-29 17:00,0.04632,0.0502,874934.52
2020-05-30 17:00,0.0502,0.0482,513816.31
2020-05-31 17:00,0.04628,0.0545,805.78
2020-06-01 17:00,0.05587,0.05803,1474828.51
2020-06-02 17:00,0.05803,0.06496,815455.64
2020-06-03 17:00,0.06496,0.0732,726701.4
2020-06-04 17:00,0.0732,0.06492,484971.83
2020-06-05 17:00,0.06492,0.07197,436691.41
2020-06-06 17:00,0.07197,0.08845,3408802.36
2020-06-07 17:00,0.08845,0.08321,1027233.11
2020-06-08 17:00,0.08321,0.09006,1021552.35
2020-06-09 17:00,0.09006,0.1087,3163809.75
2020-06-10 17:00,0.1087,0.08568,1814127.68
2020-06-11 17:00,0.08568,0.1036,1518465.51
2020-06-12 17:00,0.1036,0.1018,1101381.22
2020-06-13 17:00,0.103,0.1,4956.44
2020-06-14 17:00,0.09322,0.09202,911545.63
2020-06-15 17:00,0.09202,0.09176,573456.76
2020-06-16 17:00,0.09176,0.08953,468372.7
2020-06-17 17:00,0.09,0.09859,1517.62
2020-06-18 17:00,0.09113,0.09313,671981.33
2020-06-19 17:00,0.09313,0.09023,608594.93
2020-06-20 17:00,0.09023,0.09045,679055.27
2020-06-21 17:00,0.09045,0.08761,1161614.05
2020-06-22 17:00,0.08761,0.08443,610139.85
2020-06-23 17:00,0.08443,0.07975,403597.03
2020-06-24 17:00,0.07975,0.07607,370466.53
2020-06-25 17:00,0.07607,0.08637,894263.78
2020-06-26 17:00,0.08637,0.07468,457741.4
2020-06-27 17:00,0.07468,0.07542,395073.61
2020-06-28 17:00,0.07542,0.07453,365915.63
2020-06-29 17:00,0.07453,0.07464,533775.43
2020-06-30 17:00,0.07464,0.07934,563557.99
2020-07-01 17:00,0.07934,0.08337,520792.4
2020-07-02 17:00,0.08337,0.09139,616817.64
2020-07-03 17:00,0.089,0.111,1075.96
2020-07-04 17:00,0.1041,0.1015,1276115.34
2020-07-05 17:00,0.1015,0.1013,1065403.55
2020-07-06 17:00,0.1013,0.09713,521928.07
2020-07-07 17:00,0.09713,0.101,980492.93
2020-07-08 17:00,0.101,0.09272,546746.5
2020-07-09 17:00,0.09272,0.09747,442057.0
2020-07-10 17:00,0.09747,0.1047,1073219.53
2020-07-11 17:00,0.1047,0.1035,854480.55
2020-07-12 17:00,0.1035,0.1256,3635044.9
2020-07-13 17:00,0.1256,0.127,1449834.36
2020-07-14 17:00,0.1228,0.1237,2782.27
2020-07-15 17:00,0.1238,0.1198,903445.76
2020-07-16 17:00,0.1198,0.1305,823935.38
2020-07-17 17:00,0.1305,0.1349,768369.84
2020-07-18 17:00,0.1349,0.1335,669303.43
2020-07-19 17:00,0.1335,0.1246,680557.14
2020-07-20 17:00,0.1246,0.1232,913644.28
2020-07-21 17:00,0.1232,0.124,820713.13
2020-07-22 17:00,0.124,0.1249,697579.65
2020-07-23 17:00,0.1249,0.1183,809633.45
2020-07-24 17:00,0.1183,0.1162,549334.84
2020-07-25 17:00,0.1162,0.1094,802763.8
2020-07-26 17:00,0.1094,0.1034,1351442.19
2020-07-27 17:00,0.1034,0.115,1067803.95
2020-07-28 17:00,0.115,0.107,620907.78
2020-07-29 17:00,0.107,0.108,487651.49
2020-07-30 17:00,0.108,0.1025,562389.85
2020-07-31 17:00,0.1025,0.1067,467248.89
2020-08-01 17:00,0.1067,0.1254,1602960.93
2020-08-02 17:00,0.1254,0.1248,902919.59
2020-08-03 17:00,0.1248,0.1339,602093.85
2020-08-04 17:00,0.1339,0.1318,502948.3
2020-08-05 17:00,0.1318,0.1312,494814.46
2020-08-06 17:00,0.1312,0.1258,292628.94
2020-08-07 17:00,0.1258,0.1352,446924.26
2020-08-08 17:00,0.1352,0.1459,975297.35
2020-08-09 17:00,0.1459,0.1465,817765.89
2020-08-10 17:00,0.1465,0.1344,556132.95
2020-08-11 17:00,0.1344,0.1451,647854.07
2020-08-12 17:00,0.1451,0.1594,1345863.33
2020-08-13 17:00,0.1594,0.1898,1412790.39
2020-08-14 17:00,0.1898,0.1753,2563981.93
2020-08-15 17:00,0.1753,0.1886,886288.15
2020-08-16 17:00,0.1886,0.1794,914979.93
2020-08-17 17:00,0.1794,0.1747,589548.36
2020-08-18 17:00,0.1747,0.1607,418703.64
2020-08-19 17:00,0.1607,0.1933,1001539.09
2020-08-20 17:00,0.1933,0.173,2073831.74
2020-08-21 17:00,0.173,0.196,1017050.33
2020-08-22 17:00,0.196,0.1916,830525.34
2020-08-23 17:00,0.1916,0.1892,756248.44
2020-08-24 17:00,0.1892,0.1978,1906915.05
2020-08-25 17:00,0.191,0.1979,30597.33
2020-08-26 17:00,0.1949,0.1878,3098046.28
2020-08-27 17:00,0.1878,0.1942,2883951.52
2020-08-28 17:00,0.1942,0.2053,3828054.92
2020-08-29 17:00,0.2053,0.2367,5706616.6
2020-08-30 17:00,0.2351,0.2198,58745.86
2020-08-31 17:00,0.2198,0.2182,77949.19
2020-09-01 17:00,0.2254,0.2221,5935082.71
2020-09-02 17:00,0.2221,0.213,12330875.41
2020-09-03 17:00,0.213,0.2065,3392775.17
2020-09-04 17:00,0.2065,0.1722,3454634.53
2020-09-05 17:00,0.1722,0.1837,3948670.62
2020-09-06 17:00,0.1821,0.179,47328.48
2020-09-07 17:00,0.178,0.1755,1200316.78
2020-09-08 17:00,0.1755,0.2069,2525789.64
2020-09-09 17:00,0.2069,0.2547,8877556.91
2020-09-10 17:00,0.2547,0.2504,1866733.47
2020-09-11 17:00,0.2504,0.2568,594154.0
2020-09-12 17:00,0.2568,0.2549,238555.99
2020-09-13 17:00,0.2549,0.2599,1199365.04
2020-09-14 17:00,0.2626,0.254,1148441.56
2020-09-15 17:00,0.254,0.2438,1264669.22
2020-09-16 17:00,0.2438,0.2657,6895336.85
2020-09-17 17:00,0.2657,0.2621,8981900.95
2020-09-18 17:00,0.2621,0.255,1839574.95
2020-09-19 17:00,0.255,0.2413,1519889.48
2020-09-20 17:00,0.2413,0.2442,9099796.87
2020-09-21 17:00,0.2442,0.2395,2111159.21
2020-09-22 17:00,0.2395,0.2103,2059803.21
2020-09-23 17:00,0.2103,0.2258,1794555.19
2020-09-24 17:00,0.2258,0.2245,2154350.73
2020-09-25 17:00,0.2245,0.225,1026264.71
2020-09-26 17:00,0.225,0.2183,951125.34
2020-09-27 17:00,0.2183,0.2243,1411511.89
2020-09-28 17:00,0.2243,0.2213,586344.64
2020-09-29 17:00,0.2213,0.2157,536177.8
2020-09-30 17:00,0.2157,0.2149,1022033.93
2020-10-01 17:00,0.2149,0.1997,1571321.94
2020-10-02 17:00,0.1997,0.2013,616267.8
2020-10-03 17:00,0.2013,0.1995,594826.09
2020-10-04 17:00,0.1995,0.1933,850586.48
2020-10-05 17:00,0.1933,0.1734,1350864.16
2020-10-06 17:00,0.1734,0.1678,1548050.54
2020-10-07 17:00,0.1678,0.185,2941350.46
2020-10-08 17:00,0.185,0.1969,1621686.0
2020-10-09 17:00,0.1969,0.2091,1491982.97
2020-10-10 17:00,0.2091,0.1945,1614927.27
2020-10-11 17:00,0.1945,0.1984,1308267.66
2020-10-12 17:00,0.1984,0.1889,1116942.62
2020-10-13 17:00,0.1889,0.1803,1215356.78
2020-10-14 17:00,0.1803,0.1839,1178248.77
2020-10-15 17:00,0.1839,0.1693,1473390.32
2020-10-16 17:00,0.1693,0.1715,1840039.55
2020-10-17 17:00,0.1715,0.176,1297064.56
2020-10-18 17:00,0.176,0.1714,1858146.79
2020-10-19 17:00,0.1714,0.1584,1918385.44
2020-10-20 17:00,0.1584,0.1657,2761445.82
2020-10-21 17:00,0.1657,0.1703,1192006.57
2020-10-22 17:00,0.1703,0.166,969469.25
2020-10-23 17:00,0.166,0.1666,1531896.53
2020-10-24 17:00,0.1666,0.1642,1222524.24
2020-10-25 17:00,0.1642,0.157,1557405.5
2020-10-26 17:00,0.157,0.1554,1710566.47
2020-10-27 17:00,0.1554,0.1452,1153510.72
2020-10-28 17:00,0.1452,0.1334,1220207.71
2020-10-29 17:00,0.1334,0.1281,1815899.93
2020-10-30 17:00,0.1281,0.1427,2100374.49
2020-10-31 17:00,0.1427,0.149,2982106.95
2020-11-01 16:00,0.149,0.1394,1112418.19
2020-11-02 16:00,0.1394,0.1314,452981.35
2020-11-03 16:00,0.1314,0.1244,550963.51
2020-11-04 16:00,0.1244,0.1207,765158.15
2020-11-05 16:00,0.1207,0.1381,641296.21
2020-11-06 16:00,0.1381,0.1441,1102837.17
2020-11-07 16:00,0.1441,0.1561,785191.52
2020-11-08 16:00,0.1561,0.1564,1502999.76
2020-11-09 16:00,0.1564,0.2165,13470748.83
2020-11-10 16:00,0.2165,0.1857,15205064.91
2020-11-11 16:00,0.1857,0.179,4426968.79
2020-11-12 16:00,0.179,0.1905,2895773.72
2020-11-13 16:00,0.1905,0.1787,2129008.24
2020-11-14 16:00,0.1787,0.1769,2396248.38
2020-11-15 16:00,0.1769,0.1848,1622955.47
2020-11-16 16:00,0.1848,0.1853,1585150.11
2020-11-17 16:00,0.1853,0.1772,1667096.34
2020-11-18 16:00,0.1772,0.1765,2910675.88
2020-11-19 16:00,0.1765,0.1873,2936563.38
2020-11-20 16:00,0.1873,0.1988,4095093.83
2020-11-21 16:00,0.1988,0.1887,2089259.84
2020-11-22 16:00,0.1887,0.1977,2662869.08
2020-11-23 16:00,0.1977,0.2248,7636434.43
2020-11-24 16:00,0.2248,0.2096,5694784.62
2020-11-25 16:00,0.2096,0.1907,3979003.13
2020-11-26 16:00,0.1907,0.187,1329327.4
2020-11-27 16:00,0.187,0.1907,2650192.83
2020-11-28 16:00,0.1907,0.1961,1316293.23
2020-11-29 16:00,0.1961,0.2015,1643163.16
2020-11-30 16:00,0.2015,0.189,2528904.49
2020-12-01 16:00,0.189,0.2001,1887485.38
2020-12-02 16:00,0.2001,0.1988,1030875.99
2020-12-03 16:00,0.1988,0.1811,2189774.27
2020-12-04 16:00,0.1811,0.1941,1201626.58
2020-12-05 16:00,0.1941,0.1889,1188669.79
2020-12-06 16:00,0.1889,0.1844,640302.9
2020-12-07 16:00,0.1844,0.1843,8893255.97
2020-12-08 16:00,0.1843,0.1871,9451221.27
2020-12-09 16:00,0.1871,0.1741,2066065.1
2020-12-10 16:00,0.1741,0.1667,2166024.84
2020-12-11 16:00,0.1667,0.1787,2192928.8
2020-12-12 16:00,0.1787,0.1782,1505458.55
2020-12-13 16:00,0.1782,0.1775,948749.83
2020-12-14 16:00,0.1775,0.1722,969474.38
2020-12-15 16:00,0.1722,0.174,2495787.45
2020-12-16 16:00,0.174,0.1716,2191162.0
2020-12-17 16:00,0.1716,0.1731,1342881.4
2020-12-18 16:00,0.1731,0.1722,1486478.14
2020-12-19 16:00,0.1722,0.1719,1782617.31
2020-12-20 16:00,0.1719,0.1608,2096158.37
2020-12-21 16:00,0.1608,0.1643,1938537.86
2020-12-22 16:00,0.1643,0.1414,2140477.64
2020-12-23 16:00,0.1414,0.1495,1712197.93
2020-12-24 16:00,0.1495,0.1523,1540238.46
2020-12-25 16:00,0.1523,0.1521,1179997.2
2020-12-26 16:00,0.1521,0.1609,1674170.38
2020-12-27 16:00,0.1609,0.1759,6574701.47
2020-12-28 16:00,0.1759,0.1838,7075291.46
2020-12-29 16:00,0.1838,0.1796,8669138.77
2020-12-30 16:00,0.1796,0.1697,2423336.12
2020-12-31 16:00,0.1697,0.176,2649648.1
2021-01-01 16:00,0.176,0.1756,1350045.35
2021-01-02 16:00,0.1756,0.2931,23763412.87
2021-01-03 16:00,0.2931,0.3637,97862428.59
2021-01-04 16:00,0.3637,0.4818,222310323.33
2021-01-05 16:00,0.4818,0.4055,104100744.6
2021-01-06 16:00,0.4055,0.3702,41826812.35
2021-01-07 16:00,0.3702,0.3504,21686954.95
2021-01-08 16:00,0.3504,0.3865,42415916.35
2021-01-09 16:00,0.3865,0.3518,17682646.94
2021-01-10 16:00,0.3518,0.3138,20211668.65
2021-01-11 16:00,0.3138,0.3234,14114696.12
2021-01-12 16:00,0.3234,0.4181,17633005.59
2021-01-13 16:00,0.4181,0.4049,30417765.03
2021-01-14 16:00,0.4049,0.3867,15343438.02
2021-01-15 16:00,0.3867,0.3881,11235706.44
2021-01-16 16:00,0.3881,0.4229,16592994.36
2021-01-17 16:00,0.4229,0.4136,12274773.19
2021-01-18 16:00,0.4136,0.4667,43621229.83
2021-01-19 16:00,0.4667,0.4562,23376886.99
2021-01-20 16:00,0.4562,0.3679,13487499.92
2021-01-21 16:00,0.3679,0.399,12662912.32
2021-01-22 16:00,0.399,0.4056,8818396.69
2021-01-23 16:00,0.4056,0.4202,8076922.7
2021-01-24 16:00,0.4202,0.4186,15506917.13
2021-01-25 16:00,0.4186,0.4355,8798178.78
2021-01-26 16:00,0.4355,0.3981,12112542.89
2021-01-27 16:00,0.3981,0.4493,12576376.14
2021-01-28 16:00,0.4493,0.446,13721997.22
2021-01-29 16:00,0.446,0.5016,17308716.96
2021-01-30 16:00,0.5016,0.4943,24668009.87
2021-01-31 16:00,0.4943,0.536,15810679.24
2021-02-01 16:00,0.536,0.5384,11021676.58
2021-02-02 16:00,0.5384,0.5665,11546789.34
2021-02-03 16:00,0.5665,0.5399,14486134.04
2021-02-04 16:00,0.5399,0.7353,68285291.78
2021-02-05 16:00,0.7353,0.6563,23511884.96
2021-02-06 16:00,0.6563,0.6315,14057815.47
2021-02-07 16:00,0.6315,0.6661,15342433.27
2021-02-08 16:00,0.6661,0.6957,12372979.71
2021-02-09 16:00,0.6957,0.6922,19473934.87
2021-02-10 16:00,0.6922,0.7516,23164859.81
2021-02-11 16:00,0.7516,0.8209,40229033.35
2021-02-12 16:00,0.8209,0.831,27422015.82
2021-02-13 16:00,0.831,0.7735,14707108.98
2021-02-14 16:00,0.7735,0.7183,19318483.94
2021-02-15 16:00,0.7183,0.6969,13457910.74
2021-02-16 16:00,0.6969,0.76,16695911.16
2021-02-17 16:00,0.76,0.7617,18719397.34
2021-02-18 16:00,0.7617,0.7395,16827823.79
2021-02-19 16:00,0.7395,0.7104,17995924.65
2021-02-20 16:00,0.7104,0.7725,26768845.58
2021-02-21 16:00,0.7725,0.6819,28646273.24
2021-02-22 16:00,0.6819,0.57,30961079.61
2021-02-23 16:00,0.57,0.5854,13630224.98
2021-02-24 16:00,0.5854,0.5346,7181020.26
2021-02-25 16:00,0.5346,0.5111,8006340.29
2021-02-26 16:00,0.5111,0.5398,7276036.26
2021-02-27 16:00,0.5398,0.5194,9219975.84
2021-02-28 16:00,0.5194,0.5962,9157980.16
2021-03-01 16:00,0.5962,0.5686,10547162.66
2021-03-02 16:00,0.5686,0.5761,7607261.86
2021-03-03 16:00,0.5761,0.5434,7326912.88
2021-03-04 16:00,0.5434,0.5711,8907672.03
2021-03-05 16:00,0.5711,0.5861,4866923.7
2021-03-06 16:00,0.5861,0.5702,5126780.59
2021-03-07 16:00,0.5702,0.5918,8533637.91
2021-03-08 16:00,0.5918,0.6195,11106948.73
2021-03-09 16:00,0.6195,0.5721,9437349.49
2021-03-10 16:00,0.5721,0.5586,9796265.81
2021-03-11 16:00,0.5586,0.5268,8458213.12
2021-03-12 16:00,0.5268,0.5703,11523066.34
2021-03-13 16:00,0.5703,0.5416,5608875.12
2021-03-14 17:00,0.5416,0.5624,9863823.93
2021-03-15 17:00,0.5624,0.5448,7425767.4
2021-03-16 17:00,0.5448,0.6288,17331885.48
2021-03-17 17:00,0.6288,0.5922,8599196.3
2021-03-18 17:00,0.5922,0.585,7373384.71
2021-03-19 17:00,0.585,0.5788,7192430.02
2021-03-20 17:00,0.5788,0.5563,8840073.05
2021-03-21 17:00,0.5563,0.5205,7948278.92
2021-03-22 17:00,0.5205,0.5197,5637527.65
2021-03-23 17:00,0.5197,0.4685,6143216.64
2021-03-24 17:00,0.4685,0.4484,8197595.89
2021-03-25 17:00,0.4484,0.5017,6271063.21
2021-03-26 17:00,0.5017,0.4859,6634535.56
2021-03-27 17:00,0.4859,0.4909,8924792.72
2021-03-28 17:00,0.4909,0.5377,13261946.52
2021-03-29 17:00,0.5377,0.549,6542766.17
2021-03-30 17:00,0.549,0.5491,9212298.84
2021-03-31 17:00,0.5491,0.5357,7441620.8
2021-04-01 17:00,0.5357,0.57,7774341.9
2021-04-02 17:00,0.57,0.527,9110333.16
2021-04-03 17:00,0.527,0.5711,6194599.91
2021-04-04 17:00,0.5711,0.5881,8687207.21
2021-04-05 17:00,0.5881,0.572,7785414.89
2021-04-06 17:00,0.572,0.5215,9553863.4
2021-04-07 17:00,0.5215,0.5679,7815482.41
2021-04-08 17:00,0.5679,0.5563,4113293.19
2021-04-09 17:00,0.5563,0.5531,4765619.83
2021-04-10 17:00,0.5531,0.5721,5024497.39
2021-04-11 17:00,0.5721,0.622,10617747.15
2021-04-12 17:00,0.622,0.6061,9618885.74
2021-04-13 17:00,0.6061,0.6513,19243075.7
2021-04-14 17:00,0.6513,0.6734,12320681.05
2021-04-15 17:00,0.6734,0.641,14295714.35
2021-04-16 17:00,0.641,0.7468,30975616.36
2021-04-17 17:00,0.7468,0.6338,27341951.89
2021-04-18 17:00,0.6338,0.5619,10761571.34
2021-04-19 17:00,0.5619,0.5728,9968856.63
2021-04-20 17:00,0.5728,0.5478,9554594.04
2021-04-21 17:00,0.5478,0.5031,9610140.93
2021-04-22 17:00,0.5031,0.482,9202808.43
2021-04-23 17:00,0.482,0.4372,4219944.05
2021-04-24 17:00,0.4372,0.4392,3264028.68
2021-04-25 17:00,0.4392,0.4956,7521583.67
2021-04-26 17:00,0.4956,0.5426,6612270.22
2021-04-27 17:00,0.5426,0.5234,8565534.58
2021-04-28 17:00,0.5234,0.5316,6872740.27
2021-04-29 17:00,0.5316,0.5615,8007101.93
2021-04-30 17:00,0.5615,0.5815,7488369.5
2021-05-01 17:00,0.5815,0.5772,7781786.46
2021-05-02 17:00,0.5772,0.5815,9393710.49
2021-05-03 17:00,0.5815,0.5111,12873881.35
2021-05-04 17:00,0.5111,0.574,15566610.21
2021-05-05 17:00,0.574,0.5782,17674688.91
2021-05-06 17:00,0.5782,0.5825,16981926.75
2021-05-07 17:00,0.5825,0.5777,7032485.5
2021-05-08 17:00,0.5777,0.5723,8300725.1
2021-05-09 17:00,0.5723,0.5107,11080613.42
2021-05-10 17:00,0.5107,0.658,52241525.29
2021-05-11 17:00,0.658,0.6163,154006243.13
2021-05-12 17:00,0.6163,0.6113,41621328.07
2021-05-13 17:00,0.6113,0.612,29382310.58
2021-05-14 17:00,0.612,0.556,26794741.83
2021-05-15 17:00,0.556,0.5693,20545088.92
2021-05-16 17:00,0.5693,0.5102,19038424.35
2021-05-17 17:00,0.5102,0.5289,16912890.84
2021-05-18 17:00,0.5289,0.3434,24961056.4
2021-05-19 17:00,0.3434,0.4069,11705062.32
2021-05-20 17:00,0.4069,0.3487,8671485.5
2021-05-21 17:00,0.3487,0.3149,6245806.02
2021-05-22 17:00,0.3149,0.2738,7963413.59
2021-05-23 17:00,0.2738,0.3391,13287742.85
2021-05-24 17:00,0.3391,0.3921,20886047.96
2021-05-25 17:00,0.3921,0.4232,29076611.23
2021-05-26 17:00,0.4232,0.4048,11517655.01
2021-05-27 17:00,0.4048,0.3518,26906235.65
2021-05-28 17:00,0.3518,0.3221,10181149.8
2021-05-29 17:00,0.3221,0.3356,5862723.03
2021-05-30 17:00,0.3356,0.3689,10750825.48
2021-05-31 17:00,0.3689,0.3743,12061584.2
2021-06-01 17:00,0.3743,0.3814,9869550.74
2021-06-02 17:00,0.3814,0.3917,9188073.32
2021-06-03 17:00,0.3917,0.3613,9732416.55
2021-06-04 17:00,0.3613,0.3461,7464017.55
2021-06-05 17:00,0.3461,0.3556,3868876.8
2021-06-06 17:00,0.3556,0.3275,6382031.17
2021-06-07 17:00,0.3275,0.3198,9120494.33
2021-06-08 17:00,0.3198,0.3323,4122052.93
2021-06-09 17:00,0.3323,0.312,3660866.7
2021-06-10 17:00,0.312,0.2917,2103019.38
2021-06-11 17:00,0.2917,0.2907,4307266.3
2021-06-12 17:00,0.2907,0.3054,2471362.31
2021-06-13 17:00,0.3054,0.3133,4614714.83
2021-06-14 17:00,0.3133,0.3064,4562119.46
2021-06-15 17:00,0.3064,0.2887,7411756.65
2021-06-16 17:00,0.2887,0.2927,3207845.67
2021-06-17 17:00,0.2927,0.2701,4026887.51
2021-06-18 17:00,0.2701,0.2689,1439749.15
2021-06-19 17:00,0.2689,0.2708,1867599.0
2021-06-20 17:00,0.2708,0.213,4048925.87
2021-06-21 17:00,0.213,0.1993,7685842.75
2021-06-22 17:00,0.1993,0.2174,3571777.63
2021-06-23 17:00,0.2174,0.2231,3749424.15
2021-06-24 17:00,0.2231,0.2062,2797598.31
2021-06-25 17:00,0.2062,0.2112,1433464.78
2021-06-26 17:00,0.2112,0.2774,15432562.53
2021-06-27 17:00,0.2774,0.2792,8500844.93
2021-06-28 17:00,0.2792,0.2788,3428274.8
2021-06-29 17:00,0.2788,0.2674,3184038.19
2021-06-30 17:00,0.2674,0.2497,2161309.97
2021-07-01 17:00,0.2497,0.2494,2353548.33
2021-07-02 17:00,0.2494,0.2591,1985755.65
2021-07-03 17:00,0.2591,0.2579,1363083.85
2021-07-04 17:00,0.2579,0.2475,1107538.27
2021-07-05 17:00,0.2475,0.2592,1092400.88
2021-07-06 17:00,0.2592,0.2578,2547295.11
2021-07-07 17:00,0.2578,0.2369,3452350.39
2021-07-08 17:00,0.2369,0.2384,1066840.89
2021-07-09 17:00,0.2384,0.235,762340.34
2021-07-10 17:00,0.235,0.2354,554191.11
2021-07-11 17:00,0.2354,0.2322,1680659.25
2021-07-12 17:00,0.2322,0.2233,1086935.97
2021-07-13 17:00,0.2233,0.2327,2412558.94
2021-07-14 17:00,0.2327,0.2227,2243325.94
2021-07-15 17:00,0.2227,0.2078,1569756.34
2021-07-16 17:00,0.2078,0.2074,798555.83
2021-07-17 17:00,0.2074,0.2116,594202.71
2021-07-18 17:00,0.2116,0.1999,673623.51
2021-07-19 17:00,0.1999,0.188,927396.23
2021-07-20 17:00,0.188,0.2026,777422.43
2021-07-21 17:00,0.2026,0.2106,1153730.06
2021-07-22 17:00,0.2106,0.2112,880997.71
2021-07-23 17:00,0.2112,0.2157,1031805.61
2021-07-24 17:00,0.2157,0.2248,1999440.72
2021-07-25 17:00,0.2248,0.2292,3871209.77
2021-07-26 17:00,0.2292,0.2291,1588818.29
2021-07-27 17:00,0.2291,0.2333,1414815.04
2021-07-28 17:00,0.2333,0.2398,1652511.9
2021-07-29 17:00,0.2398,0.2475,1762640.71
2021-07-30 17:00,0.2475,0.2519,2592907.18
2021-07-31 17:00,0.2519,0.2494,3020707.58
2021-08-01 17:00,0.2494,0.2526,1832207.91
2021-08-02 17:00,0.2526,0.2414,1485512.67
2021-08-03 17:00,0.2414,0.2519,1559269.98
2021-08-04 17:00,0.2519,0.2566,1873804.44
2021-08-05 17:00,0.2566,0.2649,2517001.02
2021-08-06 17:00,0.2649,0.2815,3402502.09
2021-08-07 17:00,0.2815,0.2687,1234152.19
2021-08-08 17:00,0.2687,0.2865,3069706.68
2021-08-09 17:00,0.2865,0.292,3544199.8
2021-08-10 17:00,0.292,0.2966,3443762.67
2021-08-11 17:00,0.2946,0.2857,1524075.89
2021-08-12 17:00,0.2857,0.3375,8591560.06
2021-08-13 17:00,0.3375,0.3273,3868532.8
2021-08-14 17:00,0.3273,0.3256,2350217.01
2021-08-15 17:00,0.3256,0.3442,6910730.77
2021-08-16 17:00,0.3442,0.3145,4924495.0
2021-08-17 17:00,0.3145,0.3141,4130301.88
2021-08-18 17:00,0.3141,0.3283,3477619.78
2021-08-19 17:00,0.3283,0.3528,4967389.08
2021-08-20 17:00,0.3528,0.3532,4625220.92
2021-08-21 17:00,0.3532,0.5481,82059190.44
2021-08-22 17:00,0.5481,0.5073,39986693.74
2021-08-23 17:00,0.5073,0.4596,21098934.0
2021-08-24 17:00,0.4596,0.4647,11205456.36
2021-08-25 17:00,0.4647,0.4936,20618466.11
2021-08-26 17:00,0.4936,0.4971,19449825.75
2021-08-27 17:00,0.4971,0.5527,16202759.04
2021-08-28 17:00,0.5527,0.5548,71376131.44
2021-08-29 17:00,0.5548,0.5358,28953487.47
2021-08-30 17:00,0.5358,0.5527,14462926.39
2021-08-31 17:00,0.5527,0.5367,11574859.74
2021-09-01 17:00,0.5367,0.5286,8204429.99
2021-09-02 17:00,0.5286,0.5143,7121504.61
2021-09-03 17:00,0.5143,0.5092,6894912.12
2021-09-04 17:00,0.5092,0.5233,7796493.41
2021-09-05 17:00,0.5233,0.5055,6862484.33
2021-09-06 17:00,0.5055,0.4065,17776428.21
2021-09-07 17:00,0.4065,0.4356,18799787.93
2021-09-08 17:00,0.4356,0.4482,7598881.96
2021-09-09 17:00,0.4482,0.4164,6340483.3
2021-09-10 17:00,0.4164,0.4383,5592596.09
2021-09-11 17:00,0.4383,0.4834,21002277.24
2021-09-12 17:00,0.4834,0.4343,7691508.28
2021-09-13 17:00,0.4343,0.4681,6886925.11
2021-09-14 17:00,0.4681,0.4993,9101415.36
2021-09-15 17:00,0.4993,0.4716,6931827.19
2021-09-16 17:00,0.4716,0.4641,4788455.36
2021-09-17 17:00,0.4641,0.4601,1962890.85
2021-09-18 17:00,0.4601,0.4498,5029181.82
2021-09-19 17:00,0.4498,0.3997,7598984.63
2021-09-20 17:00,0.3997,0.3769,4190236.96
2021-09-21 17:00,0.3769,0.4105,3436672.28
2021-09-22 17:00,0.4105,0.4111,1978734.55
2021-09-23 17:00,0.4111,0.38,4282949.65
2021-09-24 17:00,0.38,0.3851,2303519.64
2021-09-25 17:00,0.3851,0.3689,3134779.44
2021-09-26 17:00,0.3689,0.3661,2216817.9
2021-09-27 17:00,0.3661,0.3513,2357578.34
2021-09-28 17:00,0.3513,0.3549,1250029.01
2021-09-29 17:00,0.3549,0.3656,1690708.98
2021-09-30 17:00,0.3656,0.3887,3028145.41
2021-10-01 17:00,0.3887,0.3977,3505629.9
2021-10-02 17:00,0.3977,0.4121,5616422.07
2021-10-03 17:00,0.4121,0.3996,3963339.31
2021-10-04 17:00,0.3996,0.4094,2744152.28
2021-10-05 17:00,0.4094,0.393,4281947.86
2021-10-06 17:00,0.393,0.3952,2963971.44
2021-10-07 17:00,0.3952,0.4012,5236033.83
2021-10-08 17:00,0.4012,0.41,4355710.94
2021-10-09 17:00,0.41,0.3841,2253547.18
2021-10-10 17:00,0.3841,0.3698,4138836.7
2021-10-11 17:00,0.3698,0.3729,3208463.89
2021-10-12 17:00,0.3729,0.3821,2380052.34
2021-10-13 17:00,0.3821,0.3793,2646934.5
2021-10-14 17:00,0.3793,0.4143,18601157.53
2021-10-15 17:00,0.4143,0.4212,12640531.26
2021-10-16 17:00,0.4212,0.4504,28585863.1
2021-10-17 17:00,0.4504,0.432,9389849.32
2021-10-18 17:00,0.432,0.4285,3534213.38
2021-10-19 17:00,0.4285,0.4358,3343325.54
2021-10-20 17:00,0.4358,0.414,5047209.39
2021-10-21 17:00,0.414,0.4256,6381794.08
2021-10-22 17:00,0.4256,0.433,5322149.84
2021-10-23 17:00,0.433,0.4159,2945538.92
2021-10-24 17:00,0.4159,0.4276,2207268.72
2021-10-25 17:00,0.4276,0.428,5617271.44
2021-10-26 17:00,0.428,0.3739,8452389.77
2021-10-27 17:00,0.3739,0.5387,75282324.64
2021-10-28 17:00,0.5387,0.5499,44837455.2
2021-10-29 17:00,0.5499,0.5489,47326981.75
2021-10-30 17:00,0.5489,0.6403,22956247.18
2021-10-31 17:00,0.6403,1.022,316722849.6
2021-11-01 17:00,1.022,1.433,579333484.34
2021-11-02 17:00,1.433,1.17,239013979.91
2021-11-03 17:00,1.17,1.12,112545501.78
2021-11-04 17:00,1.12,1.183,177317596.04
2021-11-05 17:00,1.183,1.284,115035060.8
2021-11-06 17:00,1.284,1.482,86685869.4
2021-11-07 16:00,1.482,2.133,534849081.8
2021-11-08 16:00,2.133,2.941,728580223.46
2021-11-09 16:00,2.941,3.032,979535428.44
2021-11-10 16:00,3.032,3.21,524947085.43
2021-11-11 16:00,3.21,3.045,284392562.98
2021-11-12 16:00,3.045,2.678,141519254.84
2021-11-13 16:00,2.678,3.061,247984670.43
2021-11-14 16:00,3.061,2.908,120810337.35
2021-11-15 16:00,2.908,2.634,150641908.83
2021-11-16 16:00,2.634,2.527,132645793.43
2021-11-17 16:00,2.527,2.217,138358096.23
2021-11-18 16:00,2.217,2.663,184733039.63
2021-11-19 16:00,2.663,2.581,63794711.97
2021-11-20 16:00,2.581,2.38,61264924.04
2021-11-21 16:00,2.38,2.648,115706087.26
2021-11-22 16:00,2.648,3.323,314724112.35
2021-11-23 16:00,3.323,3.413,196303570.81
2021-11-24 16:00,3.413,3.205,223954488.27
2021-11-25 16:00,3.205,2.809,189690377.44
2021-11-26 16:00,2.809,2.897,70802323.65
2021-11-27 16:00,2.897,2.932,63549565.85
2021-11-28 16:00,2.932,2.867,80824766.1
2021-11-29 16:00,2.867,2.77,75804951.47
2021-11-30 16:00,2.77,2.779,62533436.72
2021-12-01 16:00,2.779,2.633,45185735.93
2021-12-02 16:00,2.633,2.381,63123024.21
2021-12-03 16:00,2.381,2.266,130816147.19
2021-12-04 16:00,2.266,2.035,55316798.05
2021-12-05 16:00,2.035,2.464,97843875.24
2021-12-06 16:00,2.464,2.468,94571735.71
2021-12-07 16:00,2.468,2.562,137612241.6
2021-12-08 16:00,2.562,2.496,115684284.86
2021-12-09 16:00,2.496,2.304,79249746.34
2021-12-10 16:00,2.304,2.423,38046527.99
2021-12-11 16:00,2.423,2.455,24126396.47
2021-12-12 16:00,2.455,2.099,45231285.36
2021-12-13 16:00,2.099,2.184,46960414.68
2021-12-14 16:00,2.184,2.245,46260638.22
2021-12-15 16:00,2.245,2.107,32685935.49
2021-12-16 16:00,2.107,2.055,26222522.38
2021-12-17 16:00,2.055,2.074,22158260.86
2021-12-18 16:00,2.074,2.044,17113736.0
2021-12-19 16:00,2.044,2.015,30224058.68
2021-12-20 16:00,2.015,2.4,57822362.95
2021-12-21 16:00,2.4,2.202,37446713.67
2021-12-22 16:00,2.202,2.319,32325018.16
2021-12-23 16:00,2.319,2.216,22282910.18
2021-12-24 16:00,2.216,2.273,15558787.87
2021-12-25 16:00,2.273,2.351,26936095.21
2021-12-26 16:00,2.351,2.258,32902411.41
2021-12-27 16:00,2.258,2.058,47374852.06
2021-12-28 16:00,2.058,1.975,26408573.95
2021-12-29 16:00,1.975,1.995,24760131.76
2021-12-30 16:00,1.995,2.088,39244351.05
2021-12-31 16:00,2.088,2.088,16051627.25
2022-01-01 16:00,2.088,2.095,14891515.44
2022-01-02 16:00,2.095,2.045,13275192.84
2022-01-03 16:00,2.045,2.056,19344810.8
2022-01-04 16:00,2.056,1.802,45847880.38
2022-01-05 16:00,1.802,1.84,92193839.99
2022-01-06 16:00,1.84,1.675,61073160.92
2022-01-07 16:00,1.675,1.521,41421384.12
2022-01-08 16:00,1.521,1.573,22423480.47
2022-01-09 16:00,1.573,1.47,30422345.63
2022-01-10 16:00,1.47,1.495,25492182.26
2022-01-11 16:00,1.495,1.634,21279722.46
2022-01-12 16:00,1.634,1.5,19419715.2
2022-01-13 16:00,1.5,1.476,16678112.05
2022-01-14 16:00,1.476,1.421,23948558.95
2022-01-15 16:00,1.421,1.363,26654349.97
2022-01-16 16:00,1.363,1.229,37342200.16
2022-01-17 16:00,1.229,1.16,39180727.13
2022-01-18 16:00,1.16,1.175,42532217.15
2022-01-19 16:00,1.175,1.063,29231845.59
2022-01-20 16:00,1.063,0.8683,62938872.84
2022-01-21 16:00,0.8683,0.7386,56302821.24
2022-01-22 16:00,0.7386,0.8597,36810860.01
2022-01-23 16:00,0.8597,0.862,49376890.19
2022-01-24 16:00,0.862,1.031,82955759.48
2022-01-25 16:00,1.031,1.077,92860803.9
2022-01-26 16:00,1.077,0.9636,45497672.71
2022-01-27 16:00,0.9636,0.991,24742389.83
2022-01-28 16:00,0.991,0.9751,14723866.81
2022-01-29 16:00,0.9751,1.003,21780035.4
2022-01-30 16:00,1.003,0.9991,22309261.33
2022-01-31 16:00,0.9991,0.9637,24095239.96
2022-02-01 16:00,0.9637,0.8685,24670179.68
2022-02-02 16:00,0.8685,0.8513,45846061.18
2022-02-03 16:00,0.8513,0.9148,26793446.79
2022-02-04 16:00,0.9148,0.9593,27723135.4
2022-02-05 16:00,0.9593,1.125,52619677.33
2022-02-06 16:00,1.125,1.167,67356117.15
2022-02-07 16:00,1.167,1.077,48476884.09
2022-02-08 16:00,1.077,1.1,18400034.67
2022-02-09 16:00,1.1,1.012,28119872.52
2022-02-10 16:00,1.012,0.9437,37804187.19
2022-02-11 16:00,0.9437,0.9526,17909829.29
2022-02-12 16:00,0.9526,0.9076,16011041.21
2022-02-13 16:00,0.9076,0.9216,20538656.45
2022-02-14 16:00,0.9216,0.9876,19815713.8
2022-02-15 16:00,0.9876,0.9602,13341937.17
2022-02-16 16:00,0.9602,0.8862,22054189.85
2022-02-17 16:00,0.8862,0.872,15055958.42
2022-02-18 16:00,0.872,0.8877,9581800.96
2022-02-19 16:00,0.8877,0.8123,20869172.98
2022-02-20 16:00,0.8123,0.7423,22114006.45
2022-02-21 16:00,0.7423,0.8019,19049268.74
2022-02-22 16:00,0.8019,0.752,12781893.35
2022-02-23 16:00,0.752,0.7411,32023235.32
2022-02-24 16:00,0.7411,0.7782,11744716.1
2022-02-25 16:00,0.7782,0.7692,7680193.44
2022-02-26 16:00,0.7692,0.728,9359419.89
2022-02-27 16:00,0.728,0.825,11193105.2
2022-02-28 16:00,0.825,0.8366,14418492.42
2022-03-01 16:00,0.8366,0.8107,13082888.72
2022-03-02 16:00,0.8107,0.7824,7920065.58
2022-03-03 16:00,0.7824,0.7348,10567492.55
2022-03-04 16:00,0.7348,0.76,8138409.76
2022-03-05 16:00,0.76,0.7161,5722372.3
2022-03-06 16:00,0.7161,0.7058,11794341.32
2022-03-07 16:00,0.7058,0.7344,9833877.93
2022-03-08 16:00,0.7344,0.7403,9423267.99
2022-03-09 16:00,0.7403,0.718,10351856.4
2022-03-10 16:00,0.718,0.6975,6275465.11
2022-03-11 16:00,0.6975,0.6893,3503393.3
2022-03-12 16:00,0.6893,0.6818,3804383.17
2022-03-13 17:00,0.6818,0.6975,4963473.21
2022-03-14 17:00,0.6975,0.6752,5528940.73
2022-03-15 17:00,0.6752,0.7153,7616594.78
2022-03-16 17:00,0.7153,0.7068,6265226.37
2022-03-17 17:00,0.7068,0.7277,8826607.1
2022-03-18 17:00,0.7277,0.9327,46518071.5
2022-03-19 17:00,0.9327,0.8226,31660669.64
2022-03-20 17:00,0.8226,0.8083,13817163.39
2022-03-21 17:00,0.8083,0.8082,17458225.71
2022-03-22 17:00,0.8082,1.171,166357433.71
2022-03-23 17:00,1.171,1.079,80618691.63
2022-03-24 17:00,1.079,1.058,37026133.42
2022-03-25 17:00,1.058,1.065,34126344.49
2022-03-26 17:00,1.065,1.107,25416384.63
2022-03-27 17:00,1.107,1.13,76829705.21
2022-03-28 17:00,1.13,1.287,81249643.42
2022-03-29 17:00,1.287,1.266,52793740.47
2022-03-30 17:00,1.266,1.164,56887227.31
2022-03-31 17:00,1.164,1.187,38052438.98
2022-04-01 17:00,1.187,1.138,18232090.6
2022-04-02 17:00,1.138,1.187,13563393.84
2022-04-03 17:00,1.187,1.141,15963880.03
2022-04-04 17:00,1.141,1.103,19074845.04
2022-04-05 17:00,1.103,0.9659,32591226.04
2022-04-06 17:00,0.9659,1.019,16007708.96
2022-04-07 17:00,1.019,0.963,13779258.59
2022-04-08 17:00,0.963,1.008,5631125.24
2022-04-09 17:00,1.008,0.9615,6280724.67
2022-04-10 17:00,0.9615,0.8517,19265484.34
2022-04-11 17:00,0.8517,0.9125,14203217.02
2022-04-12 17:00,0.9125,0.9214,7573877.16
2022-04-13 17:00,0.9214,0.8846,8686397.0
2022-04-14 17:00,0.8846,0.8954,3740731.82
2022-04-15 17:00,0.8954,0.9032,4216491.37
2022-04-16 17:00,0.9032,0.853,3680361.89
2022-04-17 17:00,0.853,0.93,17575812.65
2022-04-18 17:00,0.93,0.9603,11536216.41
2022-04-19 17:00,0.9603,0.9536,27132687.95
2022-04-20 17:00,0.9536,0.9216,12332062.58
2022-04-21 17:00,0.9216,0.9593,15499596.12
2022-04-22 17:00,0.9593,0.9249,6911715.02
2022-04-23 17:00,0.9249,0.8938,8017119.78
2022-04-24 17:00,0.8938,0.8911,16188305.79
2022-04-25 17:00,0.8911,0.8209,10692175.21
2022-04-26 17:00,0.8209,0.8581,6163276.3
2022-04-27 17:00,0.8581,0.8421,5356694.69
2022-04-28 17:00,0.8421,0.7891,8849363.93
2022-04-29 17:00,0.7891,0.6833,12501468.23
2022-04-30 17:00,0.6833,0.7442,11106842.54
2022-05-01 17:00,0.7442,0.7471,8480375.19
2022-05-02 17:00,0.7471,0.7223,7363106.29
2022-05-03 17:00,0.7223,0.8161,10151837.41
2022-05-04 17:00,0.8161,0.7432,17232364.92
2022-05-05 17:00,0.7432,0.7243,9712572.84
2022-05-06 17:00,0.7243,0.6938,4071647.53
2022-05-07 17:00,0.6938,0.6637,12701687.45
2022-05-08 17:00,0.6637,0.5453,23502448.48
2022-05-09 17:00,0.5453,0.5729,20992455.48
2022-05-10 17:00,0.5729,0.4177,34041015.58
2022-05-11 17:00,0.4177,0.3947,25104249.01
2022-05-12 17:00,0.3947,0.4657,18454471.68
2022-05-13 17:00,0.4657,0.4761,7081353.04
2022-05-14 17:00,0.4761,0.5147,6106665.89
2022-05-15 17:00,0.5147,0.465,5032622.02
2022-05-16 17:00,0.465,0.4999,6426216.88
2022-05-17 17:00,0.4999,0.4523,7026293.56
2022-05-18 17:00,0.4523,0.4849,8127182.0
2022-05-19 17:00,0.4849,0.4834,10215254.82
2022-05-20 17:00,0.4834,0.49,6285620.41
2022-05-21 17:00,0.49,0.5126,6695878.94
2022-05-22 17:00,0.5126,0.552,36683427.89
2022-05-23 17:00,0.552,0.5543,21811942.45
2022-05-24 17:00,0.5543,0.6141,22810571.0
2022-05-25 17:00,0.6141,0.5101,24044075.31
2022-05-26 17:00,0.5101,0.4785,20288533.94
2022-05-27 17:00,0.4785,0.4828,6627624.08
2022-05-28 17:00,0.4828,0.4938,5149641.97
2022-05-29 17:00,0.4938,0.5693,14432035.9
2022-05-30 17:00,0.5693,0.5654,12348987.69
2022-05-31 17:00,0.5654,0.5241,14953122.24
2022-06-01 17:00,0.5241,0.5501,7583689.87
2022-06-02 17:00,0.5501,0.5165,6897294.39
2022-06-03 17:00,0.5165,0.5151,5746364.16
2022-06-04 17:00,0.5151,0.5078,3624727.43
2022-06-05 17:00,0.5078,0.5513,15766778.32
2022-06-06 17:00,0.5513,0.5281,12317246.53
2022-06-07 17:00,0.5281,0.5182,5528561.18
2022-06-08 17:00,0.5182,0.5115,4660686.06
2022-06-09 17:00,0.5115,0.4796,9490362.99
2022-06-10 17:00,0.4796,0.4401,9393078.74
2022-06-11 17:00,0.4401,0.4049,13715018.56
2022-06-12 17:00,0.4049,0.3777,25361380.55
2022-06-13 17:00,0.3777,0.38,17308659.87
2022-06-14 17:00,0.38,0.4115,14145504.13
2022-06-15 17:00,0.4115,0.3634,8834090.43
2022-06-16 17:00,0.3634,0.3731,5590124.01
2022-06-17 17:00,0.3731,0.341,10638802.49
2022-06-18 17:00,0.341,0.3677,7138535.28
2022-06-19 17:00,0.3677,0.3728,5998125.27
2022-06-20 17:00,0.3728,0.3926,7538607.6
2022-06-21 17:00,0.3926,0.375,6606900.21
2022-06-22 17:00,0.375,0.4033,6543134.46
2022-06-23 17:00,0.4033,0.4248,8225012.13
2022-06-24 17:00,0.4248,0.4398,9386270.81
2022-06-25 17:00,0.4398,0.4017,6056843.58
2022-06-26 17:00,0.4017,0.4067,3335931.34
2022-06-27 17:00,0.4067,0.3882,4177080.28
2022-06-28 17:00,0.3882,0.3894,4536443.93
2022-06-29 17:00,0.3894,0.3856,4778923.41
2022-06-30 17:00,0.3856,0.3787,4381607.06
2022-07-01 17:00,0.3787,0.3788,2071568.13
2022-07-02 17:00,0.3788,0.38,1635194.18
2022-07-03 17:00,0.38,0.4008,2593238.62
2022-07-04 17:00,0.4008,0.4081,6876828.51
2022-07-05 17:00,0.4081,0.4086,2316025.78
2022-07-06 17:00,0.4086,0.4182,2616242.72
2022-07-07 17:00,0.4182,0.4018,2355182.79
2022-07-08 17:00,0.4018,0.4059,1578491.2
2022-07-09 17:00,0.4059,0.3905,2227248.48
2022-07-10 17:00,0.3905,0.3924,9950170.73
2022-07-11 17:00,0.3924,0.3602,4342250.1
2022-07-12 17:00,0.3602,0.371,3542989.36
2022-07-13 17:00,0.371,0.3825,2530165.77
2022-07-14 17:00,0.3825,0.3766,2848744.41
2022-07-15 17:00,0.3766,0.3872,1766561.99
2022-07-16 17:00,0.3872,0.3768,1897021.53
2022-07-17 17:00,0.3768,0.4321,16862419.94
2022-07-18 17:00,0.4321,0.4538,13615729.74
